title,price,type,comment_num,shop,label,img_link,detail_link
三星Galaxy Z Flip6 5G (SM-F7410) 12GB+256GB 星夜银 折叠屏手机,¥7099.00,,200+评价,苏宁自营,"以旧换新, ,赠",http://imgservice.suning.cn/uimg1/b2c/image/0gGdb35cI2t3xyiGkDXmUg.jpg_200w_200h_4e_374w_374h_4e_400w_400h_4e,https://th.suning.com/calCpcClicks?adtype=1&tid=107682855010000000620241016&cmdCode=12434084574&companyCode=0000000000&s=&k=kom%2b%2bhgMfvaHQgdXNQDt2dsjMYdGSiDjR2UHOnEWoTK1OEO0SHHhqPlaxCQ7wZnQozqabGXqZD%2f5adb5DFoZ3bBUyBfSx0rauTF%2flQBWZSxWFjIXfcBZTLx%2fc186y4Iyz%2bXoAicbfP%2b9zi2bUbqjnqNJ%2fpyndOv2l6NIbvPEcRA80gs9NHdfnMOM4f2AcNWU4ufI%2fEm6jMAdtTATklPv%2bytjLEZgDBiOF1s1lLRMYlqrt956rzx8scj0dHCSZFefWxUJf2xFSDbHanaB7i%2fxcWjDMHJpjzvcsuqvoT5Qpx8lPmtIkVEMnGutXXHtv8B0l27CiQybaagbcgRtH9ECv9%2b7v04GFEDCR0n3%2bydHIEP3vqooIvbj9fJBXNMQDctDKdqjdGhLLKsFRVe6ec3WCVc%2fKAoHkLhOhENsQHZEQYgaXw%2bSylyHjsE%2bx7%2bSPTH%2bAa2aeOCxKeUzTMEvNhd3RPHRpr9gHCGkIJ7rGOcXPuvfOgFz3xgEfvpNqZ5V7ufTSE%2fDXB74ODjdFA23vK8Hsw8MbQdq2MRBJWYuNFbf%2f1a6KmPKKw41GoFiUEybmsJhM8y389pC02L1YMnFtd89IQ%3d%3d&clickUrl=http%3a%2f%2fproduct.suning.com%2f0000000000%2f12434084574.html&click_id=H2YaVN20BrumBV4D1000000000SqZD83IM8HBvKg8
Redmi Note13 5G 1亿像素 超细四窄边OLED直屏 5000mAh大电量 8GB+128GB -子夜黑 小米手机 红米手机官方自营 售后无忧,¥999.00, 8GB |128GB |6.67英寸,7700+评价,苏宁自营,以旧换新,http://imgservice1.suning.cn/uimg1/b2c/image/6YREIGBTRlbT0Jjh3Hi01w.png_400w_400h_4e,http://product.suning.com/0000000000/12429632225.html
Redmi Note13 5G 1亿像素 超细四窄边OLED直屏 5000mAh大电量 8GB+256GB 星沙白 小米手机 -红米手机官方自营 售后无忧,¥1025.00, 8GB |256GB |6.67英寸,7700+评价,苏宁自营,"大聚惠, ,以旧换新, ,领券880-50",http://imgservice1.suning.cn/uimg1/b2c/image/yzaUU11XpVR4yqrfOxxYgw.jpg_400w_400h_4e,http://product.suning.com/0000000000/12429632229.html
小米(mi)MIX Fold 4 16GB+512GB 龙胆蓝 小米龙骨转轴2.0 徕卡光学全焦段四摄 5G全网通 AI折叠手机 小米汽车互联超轻薄四曲面机身|小米龙骨转轴2.0|全碳纤维支撑架构|徕卡光学全明星四摄|第三代骁龙8,¥9999.00, 16GB |512GB |7.98英寸,0评价,聚三友手机数码专营店,以旧换新,http://imgservice1.suning.cn/uimg1/b2c/image/LYMFzyP8Zdy0VUjsTAJuqg.png_400w_400h_4e,http://product.suning.com/0071593536/12435374164.html
[全新]小米Redmi K50 12GB+256GB 幻镜 天玑8100性能芯 67W快充 双扬声器 支持NFC 时尚游戏拍照智能手机,¥1879.00,,10+评价,讯天国际手机专营店,"以旧换新, ,晚发赔, ,领券1699-6, ,赠",http://imgservice.suning.cn/uimg1/b2c/image/Rd-Q9cMOT6jUZE9HWfLAjg.jpg_200w_200h_4e_374w_374h_4e_400w_400h_4e,https://th.suning.com/calCpcClicks?adtype=1&tid=107662346210000000620241016&cmdCode=12426972182&companyCode=70073500&s=&k=kom%2b%2bhgMfvaHQgdXNQDt2dsjMYdGSiDjR2UHOnEWoTLvvcBvd9bWfIvssrLPJh6iutXxUJzG6Cp2e6F6VnHMi7SLrpiln8v2R0814IQvZqgdUAA4vC6s5tcEe93rM%2b2H6iakJ3DC%2fUyZXElby4ZduIr2SfNTjfsqXufB7yBXkf%2fJY7dw7%2bJMMZiIVu6TtoMlDGAXbY%2f07YlFV0B59dDzHM8C4wGrf0m6IgdyhKw4j9UWaQv4X9wQfDCWR%2f14KRsXULgsEihS%2f%2fz7h%2fCMAzU8qfZeL5%2bmpNoBVDU8x7Dr5eTXSP27KWIL3FBiuuBgfYGV%2btTE6N4QDuSuoXcIhYmJwBVi5p6wUpQ9LnPkJyILXewUG2kPN8VZ0D6pxeQl1BLAB7LOAb45ZQUQcDRRFuzBVHyN4nc22U%2fcK51NxH6NtGWzSudBWK95iXwR9icxiAeFMKUSyS6dVbZkDeLFiBdEf3ybathVjSdisj4ZkLzkO9lHbcDX47jfxk5Nt9qhvCrKaA3cwvyScp41mssToZkThH7tBvT7DL4D75x24xtm0W676iI8%2blrqoC2DUwlIZeU7XpWU3twiOnNAq3biqk0ZtOXD0f6O20RCVys9TmL3QW0%3d&clickUrl=http%3a%2f%2fproduct.suning.com%2f0070073500%2f12426972182.html&click_id=H2YaVN20BrumBUeL1000000000MxCRULAmie3ZEg8
iQOO Z9 Turbo 星芒白 12GB+256GB 全网通5G手机第三代骁龙8s|5000万像素|6000mAh,¥1819.00, 12GB |256GB |6.78英寸,1100+评价,苏宁自营,"大聚惠, ,以旧换新, ,领券1500-120",http://imgservice2.suning.cn/uimg1/b2c/image/M355VR3hT5iODUBYbvTKNw.png_400w_400h_4e,http://product.suning.com/0000000000/12430728561.html
小米14 徕卡光学镜头 光影猎人900 徕卡75mm浮动长焦 骁龙8Gen3 16+512 黑色 小米手机 红米手机 5G徕卡75mm浮动长焦 第三代骁龙8,¥4159.00, 16GB |512GB |6.36英寸,100+评价,苏宁自营,"大聚惠, ,以旧换新, ,12期免息, ,领券3000-220",http://imgservice3.suning.cn/uimg1/b2c/image/QHv0pW7aw-4xNEExMqRFDA.png_400w_400h_4e,http://product.suning.com/0000000000/12422476400.html
华为/HUAWEI Pura 70 Pro+ 16GB+512GB 魅影黑 超高速风驰闪拍 超聚光微距长焦 双卫星通信 华为P70智能旗舰手机超高速风驰闪拍 | 超聚光微距长焦 | 双卫星通信,¥6999.00, 16GB |512GB |6.8英寸,800+评价,苏宁自营,"大聚惠, ,以旧换新, ,领券6699-400",http://imgservice5.suning.cn/uimg1/b2c/image/OKWdXUve8LbFavA0GM7Ecg.jpg_400w_400h_4e,http://product.suning.com/0000000000/12431535394.html
vivo iQOO Neo9 红白魂 16GB+256GB 第二代骁龙8旗舰芯 自研电竞芯片Q1 IMX920 索尼大底主摄 5G手机,¥2489.00,,60+评价,讯天国际手机专营店,"以旧换新, ,晚发赔, ,领券1699-6, ,赠",http://imgservice.suning.cn/uimg1/b2c/image/7u6Pq8utjkSLgq_sBGJyNA.jpg_200w_200h_4e_374w_374h_4e_400w_400h_4e,https://th.suning.com/calCpcClicks?adtype=1&tid=107665351810000000620241016&cmdCode=12425221069&companyCode=70073500&s=&k=kom%2b%2bhgMfvaHQgdXNQDt2dsjMYdGSiDjR2UHOnEWoTJuea0xM75S4fxIOqkc1wMDPbRxldl7uHthOF6tuS2sFomIqf2dDF1BaCq%2f%2bwrreARvQziWinvhzAUQn5AafNrhADzl9RitoEY%2bTvrfsjLY3j6lOJ9pgzSfkbB7tHM6okGkS50s8rdQsre0%2fe2uCNwQvvfg8%2bpNvblTBOfmhYwr8Dbn3j1rJfeMMqUKo3GsLVk0OPm%2fIT0mIBu982CgMyRIm5%2bJaIe4x5pV0kOVpD2cimFJ%2blsLknwsdNuR0CYkr5oKNztZOhcg7DgjMMgMrcrfPc0%2fumDmqtmdtxKvQmW3Gk1WuYhuACXeWhV81JYgMas84JhCf9rauJt80VTTJuKphKI5q36a%2fb4XPbIuNk%2f%2b4Zm5Opw%2fZjLFQ56SgRWd6zUMyugr0iqQtkAUFFc1veqaiB%2bEHiINCm8zhLg0pEqiVUZJmH0OgV3B97jJ3c7hAkd6%2f7cmPOBuQE8rHrxURsBKIJrHAgLE%2b4oL8Cmgqhb67Z2gjHq3W9YYh9we7KOjudpA795D5y%2bwR2UDBu3NzCoENliOJCXyBgm2pmLkkZ3JxNsrdLZmxSaL3nyvUhE6RLY%3d&clickUrl=http%3a%2f%2fproduct.suning.com%2f0070073500%2f12425221069.html&click_id=H2YaVN20BrumBmBH1000000000mAjHDPAfojoUFg8
荣耀Play8T 12GB+256GB 幻夜黑 850nit高亮超清显示 6000mAh超能电池 35W超级快充 5000万像素超清影像 2倍大音量 5G手机850nit高亮超清显示 6000mAh超能电池 5000万像素超清影像,¥1249.00, 12GB |256GB |6.801英寸,3400+评价,苏宁自营,"大聚惠, ,以旧换新, ,领券880-50",http://imgservice1.suning.cn/uimg1/b2c/image/vsunSLqjAPVXTxqFLzgIMA.jpg_400w_400h_4e,http://product.suning.com/0000000000/12421926512.html
荣耀X50 8GB+256GB 雨后初晴 SGS整机五星抗跌耐摔认证 5800mAh超耐久长续航 第一代骁龙6移动平台 一亿像素大底主摄 120Hz智能高刷 5G手机SGS整机五星抗跌耐摔认证 5800mAh超耐久长续航 第一代骁龙6移动平台,¥1399.00, 8GB |256GB |6.78英寸,7200+评价,苏宁自营,"百亿补贴, ,以旧换新, ,领券1500-120",http://imgservice4.suning.cn/uimg1/b2c/image/Z7MaMcRuqi4VvN3sMtGM2Q.jpg_400w_400h_4e,http://product.suning.com/0000000000/12414697546.html
小米 Redmi 13C 5G 天玑 6100+ 性能芯 5000万超清双摄 5000mAh长续航 6GB+128GB 星岩黑 智能手机 小米红米官方自营 售后无忧,¥669.00, 6GB |128GB |6.71英寸,700+评价,苏宁自营,"大聚惠, ,以旧换新, ,领券500-25",http://imgservice3.suning.cn/uimg1/b2c/image/3rnPVhXxUP-CeqITd4OFaA.png_400w_400h_4e,http://product.suning.com/0000000000/12426259084.html
iQOO Neo9S Pro+ 星曜白 16GB+1TB 三代骁龙8 自研电竞芯片Q1双芯 5500毫安大电池 120W充电器手机,¥3869.00,,60+评价,讯天国际手机专营店,"以旧换新, ,晚发赔, ,领券3799-10, ,赠",http://imgservice.suning.cn/uimg1/b2c/image/rnVOBMES4LnW5iK7MuEZtQ.jpg_200w_200h_4e_374w_374h_4e_400w_400h_4e,https://th.suning.com/calCpcClicks?adtype=1&tid=107684381510000000620241016&cmdCode=12433738777&companyCode=70073500&s=&k=kom%2b%2bhgMfvaHQgdXNQDt2dsjMYdGSiDjR2UHOnEWoTJBrl%2fmy3v98iPqXRkhsBwNTH%2b9DNSa1Jyq7A8WCCPMsoTDoAqMb7Mc7q1iGhTaQzLg4jyZaDuL9wa%2bcJL4VYvQ5MHGcoBTDhXri%2bizR0P0qBOmYPgNuBrQPU7qfXXzWkL%2f8ewn4zZg22mYdgqOYVW6RwcRutDGV0ryb369gxkb%2fEqNesyb69VZKccr%2b8UhZ%2fCS%2ftVFnOdjrWgTIywGVP2LLJ6nPPY3DZttKQjk8Ei%2bSJbBu3d%2b3TQH5%2bCffZpnuFBGTnwyMz7IjCYkYEtIHTgMZfPbA7X9lgnA%2fDTCVan1tfPgVw7glfLk6ouKeVURNu44oSzorI2wMii7cqa1z3KoYTm%2fqunZFThx92XPMIlzh8cwE%2fbF4N2bImkHr1ZJhjmGh1DY1IGZ2eK0vghxUGda8A6ArHN9T0%2bXm441%2f%2b5TXL6PT%2b%2foM8TC3PwuRNDCN5zSsQA2bM2A%2fC3BvUmQaeZclGu0vRNjbeRe9een9ZfXZBvLp%2fl5hWnnDp7WXqLCa8LAejn%2f76Gf1HZjcf3vOYgxL%2bqTFS3Od64mic1V6%2fmAWX9iNJWni58M7uAXpQuvWBY%3d&clickUrl=http%3a%2f%2fproduct.suning.com%2f0070073500%2f12433738777.html&click_id=H2YaVN20BrumBUhO1000000000Q5EMubNYQ3WOLg8
iQOO Z9 Turbo+ 星光白 12GB+256GB 全网通5G新品手机天玑9300+旗舰芯片5000万像素144Hz高刷80W闪充6400mAh大电池拍照游戏学生性能手机天玑9300+|5000万像素|6400mAh超薄蓝海电池,¥2299.00, 12GB |256GB |6.78英寸,,苏宁自营,"超级新品, ,大聚惠, ,以旧换新, ,领券1500-120",http://imgservice5.suning.cn/uimg1/b2c/image/mz0rOtEy03FNA5VBET6leA.png_400w_400h_4e,http://product.suning.com/0000000000/12436150062.html
小米(mi)MIX Fold 4 16GB+512GB 龙鳞纤维版 小米龙骨转轴2.0 徕卡光学全焦段四摄 5G全网通 AI折叠手机 小米汽车互联超轻薄四曲面机身|小米龙骨转轴2.0|全碳纤维支撑架构|徕卡光学全明星四摄|第三代骁龙8,¥9999.00, 16GB |512GB |7.98英寸,0评价,聚三友手机数码专营店,以旧换新,http://imgservice1.suning.cn/uimg1/b2c/image/kvKs9T4C5Rkcsqjim_wBxg.png_400w_400h_4e,http://product.suning.com/0071593536/12435374165.html
"Redmi Turbo 3 青刃12GB+256GB 第三代骁龙8s、疯狂引擎3.0、冰封散热三位一体性能架构,重塑性能格局5g手机【新品首发】第三代骁龙8s、疯狂引擎3.0、冰封散热三位一体",¥1629.00, 12GB |256GB |6.67英寸,100+评价,苏宁自营,"大聚惠, ,以旧换新, ,3期免息, ,领券880-50",http://imgservice2.suning.cn/uimg1/b2c/image/Q9BBPIb_e0DoAQ5XFAnjxQ.jpg_400w_400h_4e,http://product.suning.com/0000000000/12430710603.html
华为nova12 Pro 12号色 256GB 双向北斗卫星消息 100W快充 120Hz刷新率 前置6000万超广角拍照 华为手机,¥3199.00,,100+评价,讯天国际手机专营店,"以旧换新, ,晚发赔, ,领券1699-6, ,赠",http://imgservice.suning.cn/uimg1/b2c/image/HCR8X8ePrmDhZon-9__mZA.jpg_200w_200h_4e_374w_374h_4e_400w_400h_4e,https://th.suning.com/calCpcClicks?adtype=1&tid=107662329810000000620241016&cmdCode=12426085825&companyCode=70073500&s=&k=kom%2b%2bhgMfvaHQgdXNQDt2dsjMYdGSiDjR2UHOnEWoTKTFXkl%2bPg70acSqPfZZ5LrrKsCt8%2f780M8vJwYLHWPQBWQbPakQrv0Sw1ofOUGNruNU%2bMqBBA72S03b4FqR81aUgz3zqLfySphjWd1Hcf5570Nb89%2bXkbBUvghz%2bNKqjLgtPwDmk2REpbeNh9VG%2bG2s3hj63qtnly3s7hgdrS5TPtu9nEFnpJyjWzrxt0mqPKxPnqsezwmppSoOR%2fyjd344e4ivB8uebk7dv%2bdC6vTdMtItDVbNF4vnQeWoERX6PxSiCIBA3ylEyyiSIZLcl%2bNI9bZl2lxzwu%2fsAuS3r0f%2fbeMF62rb5v3u6DFQbgWIbWsWeUZmxGHNO5FDiZQ61qFUjEbYHFwjG%2bZjrlxNJQbQjBtFxuVSa0LhqNDgfqkJS67YNUj7tMIVpMuahZ2riIQrPBshbGCIWjnkdHCPdIB5huVa7HXcwA7Gbx7R8w8ppJN9QMibHdqxWSEMKtE7jAScjPkiTCCr6GSDKue64cyvKcAj%2bsHqWrHZPbybkxiwQFE%2fPYiQjEXECEL%2fiaib%2b0RD3NjpPAE5zbRk2ENfYV4Yn%2fmonl78d9XN9V2AKaV0BU%3d&clickUrl=http%3a%2f%2fproduct.suning.com%2f0070073500%2f12426085825.html&click_id=H2YaVN20BrumBikM1000000000qkIbSWNbE7kYEg8
小米 Redmi 13C 5G 天玑 6100+ 性能芯 5000万超清双摄 5000mAh长续航 8GB+256GB 星岩黑 智能手机 小米红米官方自营 售后无忧,¥909.00, 8GB |256GB |6.74英寸,700+评价,苏宁自营,"大聚惠, ,以旧换新, ,领券500-25",http://imgservice3.suning.cn/uimg1/b2c/image/OeqpGSYzTsE9RQJaSrGVXg.png_400w_400h_4e,http://product.suning.com/0000000000/12426259089.html
OPPO K12x 12GB+256GB 钛空灰 80W超级闪充 5500mAh超大电池 四年久用流畅 5G直屏智能手机120Hz护眼直屏 | 80W超级闪充 | 5500mAh超大电池,¥1399.00, 12GB |256GB |6.67英寸,200+评价,苏宁自营,以旧换新,http://imgservice5.suning.cn/uimg1/b2c/image/-nRmG5sfrk7PC-GBSL-5IA.jpg_400w_400h_4e,http://product.suning.com/0000000000/12432424452.html
华为/HUAWEI Pura70 12GB+512GB 冰晶蓝 超高速风驰闪拍 第二代昆仑玻璃 双超级快充 华为P70智能旗舰手机超高速风驰闪拍 | 第二代昆仑玻璃 | 双超级快充,¥5299.00, 12GB |512GB |6.6英寸,2100+评价,苏宁自营,"大聚惠, ,以旧换新, ,领券3880-200",http://imgservice5.suning.cn/uimg1/b2c/image/Pd33yYTDbPfQs4njj8s2pw.jpg_400w_400h_4e,http://product.suning.com/0000000000/12431535388.html
荣耀200 Pro 月影白 12GB+512GB 骁龙8s 5G芯 5000万影像 100W充电 5200mAh青海湖电池 5G手机,¥3139.00,,20+评价,讯天国际手机专营店,"以旧换新, ,晚发赔, ,领券1699-6, ,赠",http://imgservice.suning.cn/uimg1/b2c/image/L9CYLCAIzvTspgGNd1HSEw.jpg_200w_200h_4e_374w_374h_4e_400w_400h_4e,https://th.suning.com/calCpcClicks?adtype=1&tid=107682082110000000620241016&cmdCode=12432767619&companyCode=70073500&s=&k=kom%2b%2bhgMfvaHQgdXNQDt2dsjMYdGSiDjR2UHOnEWoTI6caQD6eCwZJ1J5Dc0wDxIWvlBHS%2bw8j8yRPRtpVHX8XQAeTUG1bRHMNVWz89T26vVVXuloX3P0QeBFNxk1umnvIVLTeN4mP6%2ftvxM5hLOx25pRvoyeB83KudH0JPAb0ZeXFJ%2fcIVz%2bv2D%2ftLFKG2fhW3L4SXaH7KBT0cy5KQWpAJCjpAEhjUIAv%2fpv8Nv8BdBbaKziX%2fTNVjViG2tzqlrR%2fXXx54csjnGEMawdBGke0a50iQvqMWfQC9CgfTt0BGProGItmAhb7O1q%2bAQpFM2oso2tUQvezjyu7cRlWjv6dLCtq35fwl4MZOdoy9tzUNTj%2b2W6KjXg6fcvNoPPQu%2bwDVt36B4s8ncJ%2fkVVVTWE%2fNIjgWnJ%2fpPtaNyums%2fRLGaQ6TttnImwxwlMekmGDtBO9Q8Lcj5ELOXAkAcvhdvYvK7pCxqpKK2rw2jxHd%2boIhM8989hAJ%2fm2fZbvt740ZCNQdtJfK0Eep%2bLoVU80hhqplc8ieNbySzcZmQVDgRuUpG%2bTyxDUGp%2f4ThGwRGClBBz3rwb9580XHdub6e3Y7kIu6%2fuGKdzVFWQF9ndlVVZe8%3d&clickUrl=http%3a%2f%2fproduct.suning.com%2f0070073500%2f12432767619.html&click_id=H2YaVN20BrumBaJ61000000000KIs6wit98OKgKg8
荣耀畅玩60 Plus 12GB+512GB 幻夜黑 5G全网通智能手机 五星超抗摔 6000mAh超耐用长续航 300%双扬大音量 八核骁龙处理器 5000万主摄 学生 中老年人6000mAh耐用长续航 300%双扬大音量 智慧等效20GB运存(12+8),¥1429.00, 12GB |512GB |6.77英寸,10+评价,苏选自营,"苏宁服务, ,以旧换新",http://imgservice2.suning.cn/uimg1/b2c/image/uAYZoPKh0USnv8McGn8OsA.jpg_400w_400h_4e,http://product.suning.com/0010328208/12433811419.html
小米(mi)MIX Fold 4 16GB+512GB 黑色 小米龙骨转轴2.0 徕卡光学全焦段四摄 5G全网通 AI折叠手机 小米汽车互联超轻薄四曲面机身|小米龙骨转轴2.0|全碳纤维支撑架构|徕卡光学全明星四摄|第三代骁龙8,¥9999.00, 16GB |512GB |7.98英寸,0评价,聚三友手机数码专营店,以旧换新,http://imgservice1.suning.cn/uimg1/b2c/image/0KMhBdqAglQyXXIF56EEow.png_400w_400h_4e,http://product.suning.com/0071593536/12435374163.html
华为/HUAWEI Pura70 北斗卫星消息版 12GB+512GB 羽砂黑 超高速风驰闪拍 第二代昆仑玻璃 双超级快充 华为P70智能旗舰手机超高速风驰闪拍 | 第二代昆仑玻璃 | 双超级快充,¥5399.00, 12GB |512GB |6.6英寸,2100+评价,苏宁自营,"大聚惠, ,以旧换新, ,领券3880-200",http://imgservice4.suning.cn/uimg1/b2c/image/yDaPWKZLv88PZ2HtZcdg4Q.jpg_400w_400h_4e,http://product.suning.com/0000000000/12433837229.html
荣耀Magic6 祁连雪 16GB+256GB 第三代骁龙8旗舰芯 超动态鹰眼主摄 66W快充 巨犀玻璃十倍抗跌 5450mAh电池 5G手机,¥3789.00,,10+评价,讯天国际手机专营店,"以旧换新, ,晚发赔, ,领券1699-6, ,赠",http://imgservice.suning.cn/uimg1/b2c/image/q8Pj2-z9X6WrmMAsdIzTcA.jpg_200w_200h_4e_374w_374h_4e_400w_400h_4e,https://th.suning.com/calCpcClicks?adtype=1&tid=107662892310000000620241016&cmdCode=12426996675&companyCode=70073500&s=&k=kom%2b%2bhgMfvaHQgdXNQDt2dsjMYdGSiDjR2UHOnEWoTK1LMil3Dpn3pGMLN5a3VdJPUc8KU0X%2fHTCQ%2b6%2fgX5oBDwdU%2fKzZkgnIr51Mz5IAeb9B767k3WrUPsk%2fFbNbiD8woYTltYD7bC06EgwRbcECXp0urdxM2B9I%2bordTf%2bHhUAers4zwHOeGd2oBzag0tCRxVRhiNx%2fzL0l8G3jJKEqmsIjGitDar%2bPrHK6NvhNsqF86%2fYCOz5sE6AIF5kSX5pwQTTbUPsqSarifG%2f8c90Sb4U%2fer3yzOEEkig9rG%2bQMAr2nmaIAATpBoiZzX4pHnM1JztfWmL3jHHbWKcxWQ5hmGj2serhApm%2bDknRveW546O58gkX3kn5FqgEiyq5LyeHuV9lSyaSnDefi1jUCyTWBuGborOnbQFJmIA3xQ3c%2bXswtCNC46mr7QA8Rd9CCFcxKcD8MHW48FudKYA%2fyA%2favNkdj%2bqXqGW5l9jpHILJ%2bQuRgPo0l2AAVmcM7xjFKCEOZmYbU4JByxeC%2b4v%2ft4XIZsK7iTVNiz%2fFdJI4noqPaGBsqONwvcey8P7u2NLa1xnnNXJPba0UyIg%2fUgvT7c23f54Tq%2fxIacnabMN6rs8zI4%3d&clickUrl=http%3a%2f%2fproduct.suning.com%2f0070073500%2f12426996675.html&click_id=H2YaVN20BrumBrC21000000000QlLV0LNZkJYjEg8
OPPO K12x 12GB+512GB 钛空灰 80W超级闪充 5500mAh超大电池 四年久用流畅 5G直屏智能手机120Hz护眼直屏 | 80W超级闪充 | 5500mAh超大电池,¥1699.00, 12GB |512GB |6.67英寸,200+评价,苏宁自营,以旧换新,http://imgservice1.suning.cn/uimg1/b2c/image/hpOtbzqBFf-WJu_wUK-JzA.jpg_400w_400h_4e,http://product.suning.com/0000000000/12432425289.html
华为/HUAWEI Pura70 12GB+512GB 北斗卫星消息版 雪域白 超高速风驰闪拍 第二代昆仑玻璃 双超级快充 华为P70智能旗舰手机超高速风驰闪拍 | 第二代昆仑玻璃 | 双超级快充,¥5399.00, 12GB |512GB |6.6英寸,2100+评价,苏宁自营,"大聚惠, ,以旧换新, ,领券3880-200",http://imgservice4.suning.cn/uimg1/b2c/image/0wTlkVSV05QnmjPWZpq3bA.jpg_400w_400h_4e,http://product.suning.com/0000000000/12433837230.html
华为/HUAWEI nova 12 活力版 512GB 12号色 6.88毫米薄潮美直屏 前置6000万超广角人像镜头 后置5000万超感知影像 移动联通电信全网通鸿蒙智能手机6.88mm超薄潮美直屏 | 前置6000万超广角拍照,¥2299.00, 512GB |6.7英寸,1200+评价,苏宁自营,"大聚惠, ,以旧换新, ,领券1880-100",http://imgservice3.suning.cn/uimg1/b2c/image/Ak1Uw8__JWWQYZBvNRKRUQ.jpg_400w_400h_4e,http://product.suning.com/0000000000/12426085821.html
[全新]iQOO Neo8 12GB+256GB 夜岩 一代骁龙8+ 自研芯片V1+ 120W超快闪充 144Hz高刷 5G游戏电竞性能手机,¥2129.00,,100+评价,讯天国际手机专营店,"以旧换新, ,晚发赔, ,领券1699-6, ,赠",http://imgservice.suning.cn/uimg1/b2c/image/n7SNbjXmI380UQypmWNryg.jpg_200w_200h_4e_374w_374h_4e_400w_400h_4e,https://th.suning.com/calCpcClicks?adtype=1&tid=107665360110000000620241016&cmdCode=12410455561&companyCode=70073500&s=&k=kom%2b%2bhgMfvaHQgdXNQDt2dsjMYdGSiDjR2UHOnEWoTLqYoZkcNeV0lZl3aU8MllHAvQ0Gk16fxHfiGf2CClmVuHd2FW%2fVDJ7kO7lCoUc70w8rAyzTz6rWdtdZNJKFgdaR03LsV1eyZHJ6v0PD0Qpka%2fEnjt5MByt8UYcH1leQl176spdoYla4P8rRWvJdUijlmwBDSfXOZGe5ofSS4q6N1rZEImK1AaWBRibErq1U%2bIxr0DitQdpCeITZIuZwCd5Af4cCHA9XvuRLTBU8GJbRm2BfYDrNTWKSbg8KQScoe86U9h5a4Em1MCZNPEpS%2bIZT2KouBZmlpRrsbaI6UNB8mNJcDpA3wb%2b8IvqneAx9%2fKYpRu33FBcQ1Q9KohdxqBg0icSmScdyaC1E%2fI7qsSvI1g%2byjkl5wpLQSTJqFt1VgZp6kisw3%2fBbymhUcwbL2CUILhuGh2Y%2bspnxtNXwYO%2fT7%2fG5VlglvGLS9F6ihgoTP5gKjO%2bUJc0KLU2sBwmlJta8J6pNKkSA%2f9Y4bguibr%2bOGTNC7Lf0OzvXyLzYDlv2S975nkLVyi8SIvFMtycMP%2fA20s2R3piooi3aBcZZ3fCD7EJyDoLueeuVjJ6zov4DCY%3d&clickUrl=http%3a%2f%2fproduct.suning.com%2f0070073500%2f12410455561.html&click_id=H2YaVN20BrumBGW81000000000eqOlZtckwcyUFg8
华为/HUAWEI Mate 60 Pro 12GB+1TB 雅丹黑 移动联通电信全网通智能旗舰手机卫星通话，超可靠玄武架构，全焦段超清影像,¥6899.00, 12GB |1TB |6.82英寸,3400+评价,苏宁自营,"大聚惠, ,以旧换新, ,领券3880-200",http://imgservice1.suning.cn/uimg1/b2c/image/rPN2rfvEXPFEUBEMn64aFQ.jpg_400w_400h_4e,http://product.suning.com/0000000000/12418656221.html
"小米 Redmi Turbo 3 冰钛 12GB+512GB 第三代骁龙8s、疯狂引擎3.0、冰封散热三位一体性能架构,重塑性能格局5g手机第三代骁龙8s芯片；新生代AI旗舰平台；冰封散热三位一体",¥1839.00, 12GB |512GB |6.67英寸,500+评价,苏宁自营,"大聚惠, ,以旧换新, ,领券500-60",http://imgservice4.suning.cn/uimg1/b2c/image/IfUVChmleeu4DIJgmANAEw.png_400w_400h_4e,http://product.suning.com/0000000000/12430713813.html
华为/HUAWEI nova 11 SE前后双高清摄像手机 一亿像素光影人像 512GB 曜金黑 华为鸿蒙智能手机前后双高清摄像手机 一亿像素光影人像,¥1819.00, 512GB |6.67英寸,500+评价,苏宁自营,以旧换新,http://imgservice1.suning.cn/uimg1/b2c/image/4e2tWznRyz7sVG0LajIxmA.png_400w_400h_4e,http://product.suning.com/0000000000/12424671051.html
[24小时发货]华为(HUAWEI) MateX5 折叠屏 12GB+256GB 青山黛 新品旗舰手机 华为matex5,¥11888.00,,100+评价,一丕创新数码专营店,"以旧换新, ,晚发赔, ,赠",http://imgservice.suning.cn/uimg1/b2c/image/rs7QE1sxFwWcYaYSzarTJw.jpg_200w_200h_4e_374w_374h_4e_400w_400h_4e,https://th.suning.com/calCpcClicks?adtype=1&tid=107633003710000000620241016&cmdCode=12421758837&companyCode=70831323&s=&k=kom%2b%2bhgMfvaHQgdXNQDt2dsjMYdGSiDjR2UHOnEWoTJt1U32E68E%2fVfPaNfWn5jwI5OX0jotdRdbFYrhFZEwuTQZfBVCzCr%2fpGxptze3aWxzc7yttbvUJ9bEuI1gO74nLJO6QcunuAENDAV83mShjwxD9YZ5qwJVYglrWLusLA4rzpCQcJv4vpJhnhujsgzLh3e1qbQmXjhZXiw%2ff7LmgwCpqqI5Aj3ufj1gc5Vda%2fCaTA7eqoYELFGcZcN8yaPI3gjq7kH%2fHk92o4vErTaQh%2b5B%2b64DJny%2bzTZwiOfSzZ5zEUxxSod5ma3GkwkeUDHNGumZWRW9fZT%2fsGL0t925cJscN7djzqYvYj8tKaYq3Q2DW%2fQUkQMy3ruoxjwAoUMi4P%2fzTHWpKNWALZutbmfR1F%2fXiNriRugEwRXvKfjwCIBPiLa0MvaICdp4QT31%2fY9nmN0i%2bOvOXKVzEZtyOvUZe2LYQrWTYyCh5e1zzzKyPluxjvBok4cUdbsJUbng7DE0ozJKP%2bfoRPDf4DUKkVXcgXDcPfkMosuOz5QsuFHAMRpp%2bWeCpYo8LA6bbd7aUGajfTWFLzevxHqG7EbsQJ6kHA%3d%3d&clickUrl=http%3a%2f%2fproduct.suning.com%2f0070831323%2f12421758837.html&click_id=H2YaVN20BrumB1yP1000000000E9fRtcTTpwAT5g8
华为/HUAWEI 畅享 70z 256GB 星河蓝 6000mAh大电池 6.75英寸护眼大屏 HarmonyOS 4 流畅安全 鸿蒙智能 全网通手机老人机学生机6000mAh长续航|HarmonyOS 4 流畅安全,¥1099.00, 256GB |6.75英寸,100+评价,苏宁自营,"大聚惠, ,以旧换新, ,领券880-50",http://imgservice2.suning.cn/uimg1/b2c/image/7DdUdRiuogqc7Gx_qMzUNA.jpg_400w_400h_4e,http://product.suning.com/0000000000/12429380432.html
华为/HUAWEI 畅享 70z 128GB 星河蓝 6000mAh大电池 6.75英寸护眼大屏 HarmonyOS 4 流畅安全 鸿蒙智能 全网通手机老人机学生机6000mAh长续航|HarmonyOS 4 流畅安全,¥939.00, 128GB |6.75英寸,100+评价,苏宁自营,"大聚惠, ,以旧换新, ,领券880-50",http://imgservice2.suning.cn/uimg1/b2c/image/k-p2IIIz7tDizHwGX_sNqg.jpg_400w_400h_4e,http://product.suning.com/0000000000/12429380428.html
小米 Redmi Note 14 Pro+ 子夜黑 12GB+256GB手机红米note手机小米手机小米自营旗舰店新品小米note14pro+IP68 防尘防水 旗舰三摄五焦段相机 6200mAh小米金沙江电池,¥1899.00, 12GB |256GB |6.67英寸,20+评价,苏宁自营,"超级新品, ,以旧换新, ,6期免息, ,返券",http://imgservice1.suning.cn/uimg1/b2c/image/IzmHtjmDT9AZK6nEG7Y_2g.jpg_400w_400h_4e,http://product.suning.com/0000000000/12436264391.html
天语(K-TOUCH)K7 智能手机 全网通4G 双卡双待 老人 智能 模式双模式 支持人脸识别 2000mAh大电池 大内存 5.0英寸大屏幕 金色,¥189.00,,600+评价,欣海云商专营店,"以旧换新, ,晚发赔, ,领券50-3",http://imgservice.suning.cn/uimg1/b2c/image/jru9an-8O74C4JC28fMvOg.jpg_200w_200h_4e_374w_374h_4e_400w_400h_4e,https://th.suning.com/calCpcClicks?adtype=1&tid=107684564310000000620241016&cmdCode=11670553059&companyCode=70083734&s=&k=kom%2b%2bhgMfvaHQgdXNQDt2dsjMYdGSiDjR2UHOnEWoTLPBkE2uLHwmJjpl1X4HV2oftMQF3M9KerwV1ippNf49ApWcz1rlg6PBeGlcPPNWuxZ%2fyozySlf8gkrYx9bIvR21HRk3DyrKjFFLJVyLWJDR2kppw3efCuohSKl2C3QQcY0N6AJcZyv%2bHdNC25n%2bLZAoujjsxMaBQ%2fWmctZkMYzeiuoc0lMHYDodCwnqb5E%2bEMiw%2b4Gdrzg6fHKlFvPs5IWyFsFAW3j%2bjOTFHfAC264tgVyOipvo6YptK6rSISVdJ0fRiwIGVUQX6L1aVgpNttvQdARcAhe4Nr2Z8o87MiaVotoOBQPfuEs8fWqtYyA%2bEOJtiwcmQy19QrSqk%2byYOZjTrDmzMmpe7rZps%2fxu0jSqswuNgtgawU4aXvmLfCaui4JPwVx2i3hpLBcjoW4%2bj9GqPwdjFK24Fj4aTVxXxwOS3z4%2fZ2iu2kdZdYiqzaOe5kva8hAX%2f0c3SunvR57dYVYEIV6omOGRHclfSqwWAwbGWosDFXB3gN2UNsx1b6P88Z3PAvI4uP%2fZxsxp%2fea9m5I1eZRzv2lTgabtIROC8d5GwsjbT1D%2bP0UK75Ia6D9eeEZWa1FskXzJ5h8WN5tPieE&clickUrl=http%3a%2f%2fproduct.suning.com%2f0070083734%2f11670553059.html&click_id=H2YaVN20BrumB0X61000000000o5S0aXcU4r1SLg8
小米 Redmi Note 14 Pro+ 镜瓷白 16GB+512GB手机红米note手机小米手机小米自营旗舰店新品小米note14pro+IP68 防尘防水 旗舰三摄五焦段相机 6200mAh小米金沙江电池,¥2299.00, 16GB |512GB |6.67英寸,20+评价,苏宁自营,"超级新品, ,以旧换新, ,6期免息, ,返券",http://imgservice1.suning.cn/uimg1/b2c/image/MkSnvVcwx9RtmNJvL4ovwg.png_400w_400h_4e,http://product.suning.com/0000000000/12436264406.html
华为/HUAWEI nova 11 SE前后双高清摄像手机 一亿像素光影人像 512GB 雪域白 华为鸿蒙智能手机前后双高清摄像手机 一亿像素光影人像,¥1819.00, 512GB |6.67英寸,500+评价,苏宁自营,以旧换新,http://imgservice2.suning.cn/uimg1/b2c/image/PgZmZRzbtKSZ1Q-v7Jxa5g.jpg_400w_400h_4e,http://product.suning.com/0000000000/12424671048.html
荣耀90 GT 12GB+256GB 星曜黑 第二代骁龙8旗舰芯 超凡帧画引擎 荣耀绿洲护眼屏 5000mAh轻薄长续航 OIS 5G直屏 5G智能手机第二代骁龙8旗舰芯 超凡帧画引擎 荣耀绿洲护眼屏 5000mAh轻薄长续航,¥2169.00, 12GB |256GB |6.7英寸,60+评价,苏选自营,"苏宁服务, ,大聚惠, ,以旧换新",http://imgservice3.suning.cn/uimg1/b2c/image/sWkszx3nU0Z4J0mA70kCjA.png_400w_400h_4e,http://product.suning.com/0010328208/12425848863.html
华为nova12 Ultra 星耀版 曜金黑 512GB 昆仑玻璃 双向北斗卫星消息 100W快充 120Hz刷新率 前置6000万超广角拍照 华为手机,¥3949.00,,100+评价,讯天国际手机专营店,"以旧换新, ,晚发赔, ,领券3799-10, ,赠",http://imgservice.suning.cn/uimg1/b2c/image/CT8dutkDwu8EYDxGoXymOw.jpg_200w_200h_4e_374w_374h_4e_400w_400h_4e,https://th.suning.com/calCpcClicks?adtype=1&tid=107682083910000000620241016&cmdCode=12433174464&companyCode=70073500&s=&k=kom%2b%2bhgMfvaHQgdXNQDt2dsjMYdGSiDjR2UHOnEWoTKCa5ps9b%2bR2Hezv8FLa3Cn3p7fvIE3yDdVIOAmRbBu5y1%2fPd84P0g%2fwbGs0CNpJa2XER9GMP%2blXcl%2fIU0qp%2btnD%2byYiAt4ws%2fvVMGZ0Efne9nNnWJNVxl9Kf5vMDKAZSMQEfMDSQqPadQFy1po3l%2bg0Nb6%2fxEvnRNhfuWkMZRJKqTLWZUKV7qlxPBuC4HPc%2bKROt72JvcNWzIhveR%2b6oMYHsEO9oS73po8SwWh8MTmj248bfJe0%2buDuP1Lq3Ow%2fLKL%2ffwavD%2bZ9CbQs63AGWgCA391ir%2bCWP8DLQ%2bvaPubrTBWkIX3lRIVAsG58RoH1PRQgGdHCiH6QpjbzZoGzCrMOxzLoXu3txcumAT%2fyPeK63djpDY%2fJMmgj05%2fJKipMMdOviIFbN2jijNoc5PDih2gV5bVWeX%2fwYaeXf3CgU8JM83dN5JGWbG9gNuxV2nIvmrmy9BDqxDbP7HicfgV0RsKBsGwvs%2bDJtrXdrHViZrSC%2b5xn4XAJXU32JoCbhuIWRdRpoqYC5%2fl%2bqg6jd8aqwznm%2fM7Fu1oc8bIQhPVY7ZOzs1dKTduifWztnS%2fIEAUzK0tjxHpyiITHB2G7eEzOCRq&clickUrl=http%3a%2f%2fproduct.suning.com%2f0070073500%2f12433174464.html&click_id=H2YaVN20BrumBjN31000000000MdoBC85B6XMgKg8
荣耀Play9T 8GB+128GB 幻夜黑 6000mAh超耐久大电池 防水防跌高品质 5000万像素AI精彩抓拍 300%双扬大音量 5G手机6000mAh超耐久大电池 防水防跌高品质 5000万像素AI精彩抓拍,¥979.00, 8GB |128GB |6.77英寸,50+评价,苏宁自营,"新品, ,大聚惠, ,以旧换新",http://imgservice5.suning.cn/uimg1/b2c/image/UcYszhwtMjspOQ-JjpOhIA.png_400w_400h_4e,http://product.suning.com/0000000000/12435687419.html
小米14 徕卡光学镜头 光影猎人900 徕卡75mm浮动长焦 骁龙8Gen3 12+256 黑色 小米手机 红米手机 5G徕卡光学光影猎人；,¥3879.00, 12GB |256GB |6.36英寸,100+评价,苏宁自营,"大聚惠, ,以旧换新, ,12期免息, ,领券3000-220",http://imgservice3.suning.cn/uimg1/b2c/image/CeSkyVQpp9Cqeq5aupi_Fg.png_400w_400h_4e,http://product.suning.com/0000000000/12422476394.html
华为/HUAWEI nova 12 Pro心钥套装 512GB 6.76英寸动态臻彩屏 100W智能快充Turbo 前置6000万4K超广角 后置物理可变光圈 鸿蒙智慧通信智能手机前置6000万人像追踪双摄|鸿蒙智慧通信,¥4699.00, 512GB |6.76英寸,1200+评价,苏宁自营,以旧换新,http://imgservice3.suning.cn/uimg1/b2c/image/fGszKw2b3BoJUZfIiH2hwQ.jpg_400w_400h_4e,http://product.suning.com/0000000000/12427024328.html
[原封]小米Redmi K70 Pro 竹月蓝 12GB+256GB 第三代骁龙8 5G芯 小米澎湃OS 120W有线快充 二代2K直屏 5G智能手机 K70,¥2549.00,,60+评价,讯天国际手机专营店,"以旧换新, ,晚发赔, ,领券1699-6, ,赠",http://imgservice.suning.cn/uimg1/b2c/image/B8n_b07LAzRwXBe5tn1H1Q.jpg_200w_200h_4e_374w_374h_4e_400w_400h_4e,https://th.suning.com/calCpcClicks?adtype=1&tid=107665883710000000620241016&cmdCode=12424515608&companyCode=70073500&s=&k=kom%2b%2bhgMfvaHQgdXNQDt2dsjMYdGSiDjR2UHOnEWoTJGsYSJIrUm4%2bCwGk5jFmwt82WR8NN6DoHJHCoPHY840kJTbkE5AKxKX%2b1qQy7G4TmbXDOBO31PXx3Fd0Y6SuVZygTjzKCyME6tpUDfE5GO9D0%2b%2fSmUrjWgQTefqPX9rvDPxdjKInbjmNLlznYkuJPZoGnfaYt%2fJChPXQFI%2b%2f1QVcvx%2f0OLJeiEdj9EhYfMBUdaeGqJyjIgbUqMDx0cqkQAZ1WDeKKZ9CuWGlIvPb6vCfHM7UbuudyFfpR1qWj1df2fpjqo0pVsZ%2fMzVz0M3dXiu0q%2fBPFBE8lAkLmf3VG7ih9S2FREU3D6U0CGlo86GJN4Y2%2fHR%2fOxNEXbkCYFI3kw3rHxY7eoNTeky5Y4aTm8mXc%2bVN34qyQV2LT33YmKyVzdYzQBVr0SMw3DphyikjRw8dsPKEFaFTkfveYGtBH7aW1cAdduETluGC9fSZBBn8mDCEHtSXgHwR66HFkew0OsAo32W%2bxWw4tRKgb4fxf3S7Urj5tafnP4f5KP%2br%2bQcaE5DpfMKSNlmxxPH7DwMfTuLmc0YbgklldrpL3o1WFJimbO%2fAm9Ftt0U7NxZA%2fz9yRlOGyMS7iEU2lMcwQKuyPB&clickUrl=http%3a%2f%2fproduct.suning.com%2f0070073500%2f12424515608.html&click_id=H2YaVN20BrumB8lG1000000000oPmpLI2JsT2fFg8
OPPO K12x 12GB+512GB 凝光绿 80W超级闪充 5500mAh超大电池 四年久用流畅 5G直屏智能手机120Hz护眼直屏 | 80W超级闪充 | 5500mAh超大电池,¥1699.00, 12GB |512GB |6.67英寸,200+评价,苏宁自营,以旧换新,http://imgservice1.suning.cn/uimg1/b2c/image/cSfKpq0Hl3LXVd9aP1wCBQ.jpg_400w_400h_4e,http://product.suning.com/0000000000/12432425288.html
华为/HUAWEI nova 12 Pro 512GB 12号色 6.76英寸动态臻彩屏 100W智能快充Turbo 前置6000万4K超广角后置物理可变光圈 鸿蒙智慧通信智能手机前置6000万人像追踪双摄|鸿蒙智慧通信,¥3799.00, 512GB |6.76英寸,1200+评价,苏宁自营,"大聚惠, ,以旧换新, ,领券2880-150",http://imgservice3.suning.cn/uimg1/b2c/image/10bXUmn4gJ9VKXeSaSfDEA.jpg_400w_400h_4e,http://product.suning.com/0000000000/12426086452.html
iQOO Neo9 格斗黑 16GB+256GB 全网通5G新品手机第二代骁龙8旗舰芯5000万像素144Hz高刷120W闪充拍照游戏学生性能手机第二代骁龙8旗舰芯；144Hz全天候超感屏超广角；超窄边框120W超级闪充,¥2229.00, 16GB |256GB |6.78英寸,4100+评价,苏宁自营,"百亿补贴, ,以旧换新, ,3期免息, ,领券1880-100",http://imgservice5.suning.cn/uimg1/b2c/image/dRr93HWmSQrgNjZREMLTTg.jpg_400w_400h_4e,http://product.suning.com/0000000000/12425221071.html
[全新]iQOO Neo8 Pro 16GB+256GB 夜岩 天玑9200+ 自研芯片V1+ 120W超快闪充 144Hz高刷 5G游戏电竞性能手机,¥2289.00,,100+评价,讯天国际手机专营店,"以旧换新, ,晚发赔, ,领券1699-6, ,赠",http://imgservice.suning.cn/uimg1/b2c/image/ErXYPWZqztsbvRGyvqRvEw.jpg_200w_200h_4e_374w_374h_4e_400w_400h_4e,https://th.suning.com/calCpcClicks?adtype=1&tid=107656971110000000620241016&cmdCode=12410455571&companyCode=70073500&s=&k=kom%2b%2bhgMfvaHQgdXNQDt2dsjMYdGSiDjR2UHOnEWoTJqGo8%2bpxwIBjoIM4bolNGaOBRSfjqgwdX%2f4gjab1re%2b7CqHOUJnTUWFoQj9bWg3Ck%2bNzahnXGmIf5mjPgN4pO5F1AfaZvifRMornuY%2fS55pMtmBAdzViSdD4V%2fBcaLERLJzH2wNP%2b7sCTmHs8stForaUCj7NwUVhkiPGuqtHF8YGMg0hs4iSW3idSAjkxnI%2fnR8DWZaEiNbEoE05uaG907QR8KRa31N1qOSkJ3LpUOU%2bk1nmjOfQrwNTuhaylqJdWHwrQYPq6akVjZZSaPkjT2Dk5eCbCSnnp9XkC2RX%2buEXNMN%2fSm%2fZMZfiduVV8%2fQbkNA6fuzB8FZfD2S5UqP8czxGK6bNmiafC%2biEj0oWDuUmgzuwiei84wM%2bVUicHMIQRDQ684fvVn9yjWVBU2O6Q0Z6QZFWz3wvZhX1j6uw0PHd5skYXIYyrhpplCz9arWwd2BMZSTIJYIJ8dNBfHfq2O%2bb%2fJV3GU2ppELHI7fLUCUKnNmNmwnVV9780rKN4AR8INypzZ%2f9sCjv3lsTncWpdLoZMrM65F%2b0gAeh31TOhQHmRCwP5BwxctrGNV8GwTYvUhwBUeAfhZxNoYkLH1xhK6&clickUrl=http%3a%2f%2fproduct.suning.com%2f0070073500%2f12410455571.html&click_id=H2YaVN20BrumBlcD1000000000CIMnWaZkxNltCg8
华为/HUAWEI Mate 60 12GB+256GB 雅丹黑 移动联通电信全网通智能旗舰手机双向北斗卫星信息，超可靠玄武架构，全焦段超清影像,¥4899.00, 12GB |256GB |6.69英寸,1评价,苏宁自营,"大聚惠, ,以旧换新, ,领券3880-200",http://imgservice5.suning.cn/uimg1/b2c/image/4Mm0CHRo_mAPM9n0t3jbvQ.jpg_400w_400h_4e,http://product.suning.com/0000000000/12418656663.html
vivo iQOO Z9 Turbo 山野青 16GB+512GB 第三代骁龙8s芯 80W快充6000mAh 蓝海大电池 1.5K 144Hz屏 手机在售商品均为全新未激活 请放心购买！,¥2399.00, 16GB |512GB |6.78英寸,40+评价,讯天国际手机专营店,"以旧换新, ,晚发赔, ,领券1699-6, ,赠",http://imgservice2.suning.cn/uimg1/b2c/image/C0GJT3_xNaJ0IjpDoadwvA.jpg_400w_400h_4e,http://product.suning.com/0070073500/12430728574.html
荣耀X50 8GB+128GB 雨后初晴 SGS整机五星抗跌耐摔认证 5800mAh超耐久长续航 第一代骁龙6移动平台 一亿像素大底主摄 120Hz智能高刷 5G手机SGS整机五星抗跌耐摔认证 5800mAh超耐久长续航 第一代骁龙6移动平台,¥1299.00, 8GB |128GB |6.78英寸,7200+评价,苏宁自营,"百亿补贴, ,以旧换新, ,领券880-50",http://imgservice4.suning.cn/uimg1/b2c/image/He6ijXoJarnU4p95628Qkw.jpg_400w_400h_4e,http://product.suning.com/0000000000/12414697541.html
荣耀200 月影白 16GB+512GB 三代骁龙7 5G芯 5000万影像 100W充电 5200mAh青海湖电池 5G手机,¥2655.00,,20+评价,讯天国际手机专营店,"以旧换新, ,晚发赔, ,领券1699-6, ,赠",http://imgservice.suning.cn/uimg1/b2c/image/mDtp8GwHE_u4b7bSt5cuTg.jpg_200w_200h_4e_374w_374h_4e_400w_400h_4e,https://th.suning.com/calCpcClicks?adtype=1&tid=107682079910000000620241016&cmdCode=12432767607&companyCode=70073500&s=&k=kom%2b%2bhgMfvaHQgdXNQDt2dsjMYdGSiDjR2UHOnEWoTLLiSekRHn%2bRAvVm%2fZ%2fDj4jVhOGdylm5MhfepyYEKfwd6nJ19k3KsMN21WA%2bc3nGpW%2f6ry2X5oR6nM24et6MwmKeUvlhNHhNCVckdkeI0SjyikgQqCffz12jF7yBJB%2f9k7P9t%2fTDwiGhx7bn6NSY%2fHhLEGiudn7nnbPjYk8H4zZ%2bFgUrdF50iYW0EL93qTCGeTbTFD95v9ahajX%2fTu4lIBG%2frqYmEXfr%2fTvvIlw6dv39BWSUx5EaGpwm8vSkZDOZyscQqnQyt6PTGFT%2bWJulub5vUPZZG%2fuRUQOdMeBEdA6jRbhNCvhyqK%2fFY%2fdkZEFqWcViQ6tRv8HlB4Ghdz5KvSVDjGYV19Rd9F4SaURmbEdYq%2fEKmdtli9YGNcqK5gvGro2d3Bt1jYmG1nnsxq%2fND3x%2f0Xq68UtOLDkocxHZg47I5gSQ%2bO5ItEhDm31%2b87qBvHw7v1%2fNUzW3wQREkYR0jxvrCnW526knDqH0sAo6Vxj8zq%2f6tlFZLAIN5WxMfu4FG4NIm2YgH6hYY1TNs%2fKyGVbbx3cYIs0CXUFUtY6tSIgyhh8UgUT4noD0E9GRav4kKLgXG56pvPNmhPa6qd%2fplYT&clickUrl=http%3a%2f%2fproduct.suning.com%2f0070073500%2f12432767607.html&click_id=H2YaVN20BrumBHjG1000000000qe3nH0S8clHgKg8
华为/HUAWEI 畅享 70 Pro 128GB 雪域白 1亿像素超清影像 5000mAh大电池 6.7英寸护眼大屏 40W超极快充 鸿蒙智能 全网通手机老人机学生机1亿像素超清影像|HarmonyOS 4,¥1249.00, 8GB |128GB |6.7英寸,500+评价,苏宁自营,"大聚惠, ,以旧换新, ,领券880-50",http://imgservice4.suning.cn/uimg1/b2c/image/yUtcXEebZBptcyX78S24kQ.jpg_400w_400h_4e,http://product.suning.com/0000000000/12426973839.html
华为/HUAWEI Mate 60 Pro 12GB+512GB 白沙银 移动联通电信全网通智能旗舰手机卫星通话，超可靠玄武架构，全焦段超清影像,¥5999.00, 12GB |512GB |6.82英寸,3400+评价,苏宁自营,"大聚惠, ,以旧换新, ,领券3880-200",http://imgservice3.suning.cn/uimg1/b2c/image/eRdL3rBheqQIkkJT6L6Tjg.jpg_400w_400h_4e,http://product.suning.com/0000000000/12418660000.html
华为/HUAWEI Pocket 2 512GB 雅黑 超平整超可靠 全焦段XMAGE四摄 紫外防晒检测 鸿蒙折叠屏手机超平整超可靠|全焦段XMAGE四摄|紫外防晒检测,¥6899.00, 12GB |512GB |6.94英寸,600+评价,苏宁自营,"大聚惠, ,以旧换新, ,领券6699-400",http://imgservice4.suning.cn/uimg1/b2c/image/ZZqHpEdr0-yIbZ6UaVS-Vg.jpg_400w_400h_4e,http://product.suning.com/0000000000/12429383185.html
vivo iQOO12 传奇版 12GB+256GB 第三代骁龙 8 自研电竞芯片Q1 大底主摄潜望式长焦 1.5K 144Hz 直屏 5G手机,¥3759.00,,80+评价,讯天国际手机专营店,"以旧换新, ,晚发赔, ,领券1699-6, ,赠",http://imgservice.suning.cn/uimg1/b2c/image/EjRXP9EJ2FizQo9ZgRlD-Q.jpg_200w_200h_4e_374w_374h_4e_400w_400h_4e,https://th.suning.com/calCpcClicks?adtype=1&tid=107685227810000000620241016&cmdCode=12422514137&companyCode=70073500&s=&k=kom%2b%2bhgMfvaHQgdXNQDt2dsjMYdGSiDjR2UHOnEWoTJ5Q%2b0xnXJIVzfJustjOE8hB8xiJmYtmcyMD2RFqaZFfEx96xJa57c0%2bsz2hRbpjv8%2b62iJI2K5vJa8HDHQp6Hr24Tk5j95Uq7c6GH45oQ7%2fgDnxaLh8f%2fY2Qlv5NBzGmyWyxCCw%2ft9JWHoQDDupuxz%2bogYx6xZi%2b%2bGhu%2fvZdOmzs%2fIy8kpuP4lc1AOVbJqF1nADDO2uwSD1P6J1Hr%2b33sJF7kmE8ZUF9u7stuc9pjkJEItfBwELsJ12Odlik0apytiRCVj15dLbL0h4E8hXPh2MJSk5Py3U6W6HfotNpNaZ9v%2fpd0BTpnKQi7QJi6S%2fak%2fgGyJltaM8HbMoQlvsQakt5b9ebWDNli2ZUU4L%2bClyQ8ZaDy3XKfrLWpQrDjAMZm4WgO93CMNQwuRnmB0TrYCEc4YlGVpjvXopoNB5xTwawshjnuNqpzuYULRVJfL8kqhJcL8G%2bDTRGompUcMC1%2bHdf16GpwBG9LH18s3u0bfXqCRUny4k4onDaS1zHphgJokKeydVBcbJ80LSvrws00xtyeUYPwJDiJ3GZsvdTG9Kk8a89HWRpZRgzBsFBJkGxzSR%2fDva7NEc%2bpPjcvWCDGg&clickUrl=http%3a%2f%2fproduct.suning.com%2f0070073500%2f12422514137.html&click_id=H2YaVN20BrumB0dL1000000000QFdULK3XZOmeLg8
OPPO A1i 凝夜黑 8GB+256GB 5000mAh大电池 超大运存 超大储存空间 5G 长续航 抗摔 手机金刚石抗摔结构 | 5000mAh超大电池 | 300％超大音量,¥999.00, 8GB |256GB |6.56英寸,200+评价,苏宁自营,以旧换新,http://imgservice5.suning.cn/uimg1/b2c/image/ZWjOA0vQb3RbT63U6yIKuw.jpg_400w_400h_4e,http://product.suning.com/0000000000/12431298590.html
华为/HUAWEI Mate 60 12GB+512GB 雅川青 移动联通电信全网通智能旗舰手机双向北斗卫星信息，超可靠玄武架构，全焦段超清影像,¥5399.00, 12GB |512GB |6.69英寸,400+评价,苏宁自营,"大聚惠, ,以旧换新, ,领券3880-200",http://imgservice2.suning.cn/uimg1/b2c/image/3l3r0Pf6WocSm5lKgMAtCw.jpg_400w_400h_4e,http://product.suning.com/0000000000/12418657396.html
小米 Redmi Note 14 5G 幻影青 12GB内存 256GB存储红米note手机小米手机小米自营旗舰店新品小米note145000万像素 5110mAh大电池 高清护眼直屏,¥1599.00, 12GB |256GB |6.67英寸,,苏宁自营,"超级新品, ,以旧换新, ,3期免息, ,返券",http://imgservice2.suning.cn/uimg1/b2c/image/-LnM35XEqWXJyJJmlXPbBw.png_400w_400h_4e,http://product.suning.com/0000000000/12436264345.html
[原封]vivo iQOO Z8x 8GB+128GB 月瓷白 第一代骁龙6 5G芯 120Hz高刷屏 44W闪充 6000mAh超长续航 5G手机 Z8,¥1049.00,,200+评价,讯天国际手机专营店,"以旧换新, ,晚发赔, ,领券299-2, ,赠",http://imgservice.suning.cn/uimg1/b2c/image/1LQgh6XLBOh8iaxE8qmo0g.jpg_200w_200h_4e_374w_374h_4e_400w_400h_4e,https://th.suning.com/calCpcClicks?adtype=1&tid=107656966810000000620241016&cmdCode=12418274581&companyCode=70073500&s=&k=kom%2b%2bhgMfvaHQgdXNQDt2dsjMYdGSiDjR2UHOnEWoTKmNHVGevNVGoGlyg7n%2fvdftPzi%2fssFf3dy3psqyh8%2bZoaOnJL9qxMJKurBgPyM%2befnt%2ffSzxGG6sBOxohELEt7sTzETABgmoeOsK4I5jhjBAJdUWMGDSNvKRGAMWJ3EpQnqZLyIupAN8SKFhmN24dQrjsxyBMNKEVfhXNSXlI%2bVQ3k1BzYtjmfIHnw1j3t7sqZhcrY%2bW27HLsOlrvwkAZkykhjCLm3bjkY%2bofIZbXu%2fNF5Y3Zw9YTywH%2fQXa5i%2b4wLQgVJXZgmRSDV1VfJbf9N2biGgRVuuSRS9q0YdNsxP%2fIL4ldKkqpqO3g7LfaGBLb67rocqiXC0FSkrhBowtCASydrsDfLvyOP9%2b0dkgqQb5q8rZU4JYoTJuXdAFjCsTkH9Xt0O9830A%2bX0dPLK6xcD9jAPYzT5XIhg7NrF%2fzd8jErC0PjWG6PV23c1INE6R92mT%2fc8ODeWRUjTHmEhcqzZrOSV5q81qrRjPmGBhRQanUZqCEbBGlfRWvaGi825gHVnNFGuD4ZS2FwDd8kfH2ewFD1CHevCOJUeQmmdx6rcLs4y15WpZl%2bDE1cwgEhihMoYyX4yQmPevQmH0Gs8o1c&clickUrl=http%3a%2f%2fproduct.suning.com%2f0070073500%2f12418274581.html&click_id=H2YaVN20BrumBsb91000000000qaRi4EkhJGgtCg8
华为/HUAWEI 畅享 70 Pro 128GB 翡冷翠 1亿像素超清影像 5000mAh大电池 6.7英寸护眼大屏 40W超极快充 鸿蒙智能 全网通手机老人机学生机1亿像素超清影像|HarmonyOS 4,¥1249.00, 8GB |128GB |6.7英寸,500+评价,苏宁自营,"大聚惠, ,以旧换新, ,领券880-50",http://imgservice4.suning.cn/uimg1/b2c/image/wBPakv96ECZGrCRU6eVLcQ.jpg_400w_400h_4e,http://product.suning.com/0000000000/12426973838.html
荣耀X50 12GB+512GB 燃橙色 SGS整机五星抗跌耐摔认证 5800mAh超耐久长续航 第一代骁龙6移动平台 一亿像素大底主摄 120Hz智能高刷 5G手机SGS整机五星抗跌耐摔认证 5800mAh超耐久长续航 第一代骁龙6移动平台,¥1779.00, 12GB |512GB |6.78英寸,7200+评价,苏宁自营,以旧换新,http://imgservice3.suning.cn/uimg1/b2c/image/RiM7HXHR43sslgUtpWr0DQ.jpg_400w_400h_4e,http://product.suning.com/0000000000/12432272242.html
荣耀畅玩60 Plus 12GB+512GB 月影白 5G全网通智能手机 五星超抗摔 6000mAh超耐用长续航 300%双扬大音量 八核骁龙处理器 5000万主摄 学生 中老年人6000mAh耐用长续航 300%双扬大音量 智慧等效20GB运存(12+8),¥1429.00, 12GB |512GB |6.77英寸,10+评价,苏选自营,"苏宁服务, ,以旧换新",http://imgservice2.suning.cn/uimg1/b2c/image/bVsSOf5SkWfVgwJ4CA19Xw.jpg_400w_400h_4e,http://product.suning.com/0010328208/12433811420.html
[原封]小米Redmi K70 Pro 墨羽 12GB+256GB 第三代骁龙8 5G芯 小米澎湃OS 120W有线快充 二代2K直屏 5G智能手机 K70,¥2559.00,,60+评价,讯天国际手机专营店,"以旧换新, ,晚发赔, ,领券1699-6, ,赠",http://imgservice.suning.cn/uimg1/b2c/image/5P3RK-2rh-WmVhcj9MJOqA.jpg_200w_200h_4e_374w_374h_4e_400w_400h_4e,https://th.suning.com/calCpcClicks?adtype=1&tid=107692495510000000620241016&cmdCode=12424515606&companyCode=70073500&s=&k=kom%2b%2bhgMfvaHQgdXNQDt2dsjMYdGSiDjR2UHOnEWoTKGf16K7SXHlrK7DJlMTiyTD21SK0wU5%2bzZzO5U0bq8vpm%2fE1%2fSAwYYHtVbrsPwmABPMIOxkquOmFB17nptsMgd6j%2fP9QfAAQdKdGdCuOhobPGOyibyPzb%2bfzaxlKJJbhAlfcrOZo%2bGtVzG3xGVV2mBVCBsTTnPzdiPr4pbvg6r9N2lri5PyFGN5uuBqBVzOm9GVjSp%2f6CpbhZ%2fRdtHiU1hoooU0Ag%2fLmsulUs3jpKihR8sQvJ5XPWzRGG45jbeY9hSNB3tS7U0HIjrrn5%2bZ6i7RwHHIfRhk%2fFAIIKcgP3zxUsD3NBFVLfZigLQ91hDTI46wXZo9lHuDBWyQc6PuSlTrG%2fbzlOtUaLMVmlqrtvezhi8PJ8nexbzIZrye7km3rteKSWdp2%2fM%2bmc%2fwkFf9%2fDW4KdFSmCutmuG3you35dh5Gw%2fq7vMxXNL1hjycXf3prHvCEW%2bVHUejqeveWQpvq3I1Cs5AlkBqcL3PpU4w7oOhiWjmzNI4ly6qEjufOCq8QBgaAts4udSTLj7tbIhng355vVa9IJocQ9O%2fkT0d2MR0g%3d%3d&clickUrl=http%3a%2f%2fproduct.suning.com%2f0070073500%2f12424515606.html&click_id=H2YaVN20BrumBvZ81000000000O2BNftXdqdRuNg8
vivo Y200i 星夜黑 12GB+512GB 骁龙4 Gen2 5G芯 6000mAh电池 44W充电 5000万高清影像 44W闪充 5G 手机在售商品均为全新未激活 请放心购买！,¥1605.00, 12GB |512GB |6.72英寸,50+评价,讯天国际手机专营店,"以旧换新, ,晚发赔, ,领券299-2, ,赠",http://imgservice5.suning.cn/uimg1/b2c/image/PdgRFfw9Yt9Swm7iMZ61tw.jpg_400w_400h_4e,http://product.suning.com/0070073500/12432255376.html
荣耀X50 12GB+256GB 燃橙色 SGS整机五星抗跌耐摔认证 5800mAh超耐久长续航 第一代骁龙6移动平台 一亿像素大底主摄 120Hz智能高刷 5G手机SGS整机五星抗跌耐摔认证 5800mAh超耐久长续航 第一代骁龙6移动平台,¥1549.00, 12GB |256GB |6.78英寸,7200+评价,苏宁自营,以旧换新,http://imgservice2.suning.cn/uimg1/b2c/image/3qkvlsG_ZaDKGLdcLjxD-g.jpg_400w_400h_4e,http://product.suning.com/0000000000/12416167343.html
荣耀X50 12GB+256GB 勃朗蓝 SGS整机五星抗跌耐摔认证 5800mAh超耐久长续航 第一代骁龙6移动平台 一亿像素大底主摄 120Hz智能高刷 5G手机SGS整机五星抗跌耐摔认证 5800mAh超耐久长续航 第一代骁龙6移动平台,¥1549.00, 12GB |256GB |6.78英寸,7200+评价,苏宁自营,以旧换新,http://imgservice2.suning.cn/uimg1/b2c/image/SJZAf_RtYfBv5vfPO9cWwg.jpg_400w_400h_4e,http://product.suning.com/0000000000/12416167336.html
[全新]小米Redmi 8A 深海蓝 4GB+64GB AI双摄 骁龙八核处理器 人脸解锁 5000毫安大电池 长待机 支持快充全网通4G 智能手机红米8A,¥499.00,,600+评价,讯天国际手机专营店,"以旧换新, ,晚发赔, ,领券299-2, ,赠, ",http://imgservice.suning.cn/uimg1/b2c/image/LwpAg3EcH0Bd0qBz33h2jg.jpg_200w_200h_4e_374w_374h_4e_400w_400h_4e,https://th.suning.com/calCpcClicks?adtype=1&tid=107654296210000000620241016&cmdCode=11505664872&companyCode=70073500&s=&k=kom%2b%2bhgMfvaHQgdXNQDt2dsjMYdGSiDjR2UHOnEWoTKMxigLWo3o1QWupi0CuYon6q8bNMVpHtragn1FdQVHNEIUU7SlUqgYYcLcj1sBaHm9du63OwiKhmS%2fOVUZhaskatQ0TUVhG9GG3B0c7iJNSefQqCc%2bQ1ykBn2YvYmcM9q67pr5Ut7RFE%2fNQ8NbGyqPQwK4KfK6JKQqG0PuFNCKJbwTC2YnPJDNrhrkXH16AYTaFV6Z4s1TVqJ4Ftn%2fC0ExhsEbT5Ao02ESVj0bgD42c25k%2bdp35GuRmwbU53oZ49PLG%2fnjbNdIXw51e%2fTL1UCrcSqGoIKqTVd2RGwF%2fVGNiZMqns80YW7Hy8vnVtoJstm8OGJL9HQFc2DHkwpwkJPFTQaCpI7ALx1MkGEl4YH6JREGzMd2AQzJxu276bqld5qBzKxbcI6GxxY91%2f%2fXVLnddz24lKRTheHecELWMgXtKynXdJzVUY1sjnNJNtB1zyMfUWI8CvgKBWp7n%2foY1fyonzu9EscllFYX4tw%2f1W%2b7G0RW7JrSJiV%2fATVpTG70AmGV6lDWB1RPrzFYEq3HKHgMrrw8OUCCkCFBwM9eUZNxYQ%3d%3d&clickUrl=http%3a%2f%2fproduct.suning.com%2f0070073500%2f11505664872.html&click_id=H2YaVN20BrumBbSD1000000000ecNoH66N3KM4Cg8
华为/HUAWEI Pura70 12GB+1TB 冰晶蓝 超高速风驰闪拍 第二代昆仑玻璃 双超级快充 华为P70智能旗舰手机超高速风驰闪拍 | 第二代昆仑玻璃 | 双超级快充,¥6299.00, 12GB |1TB |6.6英寸,2100+评价,苏宁自营,"大聚惠, ,以旧换新, ,领券5000-300",http://imgservice5.suning.cn/uimg1/b2c/image/Gn-4x541Cf4tR0hJ6U6cGg.jpg_400w_400h_4e,http://product.suning.com/0000000000/12431535392.html
荣耀X50 12GB+512GB雨后初晴 第一代骁龙6芯片 1.5K超清护眼硬核曲屏 5800mAh超耐久大电池 5G手机一代骁龙6芯片 1.5K超清护眼硬核曲屏 5800mAh超耐久大电池 5G手机,¥1769.00, 12GB |512GB |6.78英寸,100+评价,苏选自营,"苏宁服务, ,以旧换新",http://imgservice5.suning.cn/uimg1/b2c/image/LkrJ7Sd3enyvRxE5O10P9Q.jpg_400w_400h_4e,http://product.suning.com/0010328208/12432255370.html
OPPO A1s 暮山紫 12GB+256GB 超大内存 超大运存 5000mAh四年耐用大电池5G 长续航 抗摔 手机金刚石抗摔结构 | 5000mAh超大电池 | 300％超大音量,¥1199.00, 12GB |256GB |6.72英寸,100+评价,苏宁自营,以旧换新,http://imgservice5.suning.cn/uimg1/b2c/image/YMpAoABnNOAXssgT7sXwsw.jpg_400w_400h_4e,http://product.suning.com/0000000000/12431298593.html
[全新]小米9 深空灰 8GB+128GB 骁龙855 移动4G 水滴全面屏 红外遥控 NFC 无线充电 智能手机,¥1089.00,,4评价,讯天国际手机专营店,"以旧换新, ,晚发赔, ,领券299-2, ,赠",http://imgservice.suning.cn/uimg1/b2c/image/vWbydJ68FYXp2ILoOoyRfQ.jpg_200w_200h_4e_374w_374h_4e_400w_400h_4e,https://th.suning.com/calCpcClicks?adtype=1&tid=107654298610000000620241016&cmdCode=12426737024&companyCode=70073500&s=&k=kom%2b%2bhgMfvaHQgdXNQDt2dsjMYdGSiDjR2UHOnEWoTL4kacEo91no6tjI6ceofGwKait7yjo5hWE8MvFbxo0vsTft6Zf5tsL1J6Um2UZ%2bcfPN5D96Nvia6v3eJb0%2f%2fZ5PtD4qPDzuiCkZn05LUEhu3ox1lhCaewH9KlkOlerJcFVaMbVPf7pxbobEDbCyMKDWPOc%2fb1luU2c5Sn%2fMVtt2bindAuyoWMpmXZfSi4CdBcMOJ1nuBtsKVHRhDIQx1wgA02rgak2BvPJgrTXWhFKqzppnHVhQ%2be43WDuBk8cbxPA7e454iZHk7Hpsx0w7F%2bus8BZKET%2bEMF1w3ww3a7l4MurjvmcZTNyCMBL5VhusedA7fPOqdtYEY0a2TTjCYw7nalHfWGkfIZr4GhifRaSCNTuvf7N9bSS5lmGKDnEWS1rieEjh7leN%2bJhYrMat9vgIGLFiGsSx19WYU7K5T1yIXpynnr70LwsPCV1MR%2bIbB%2fFbwtGXMiauyUgWf9Q%2by87FZJ44h7xcysmtr%2fFnNilm%2bR%2fzRLC3LDXFUATeBvKls5DsFy0ghhLzASwJsfMGaU6aM%2bFlRCHwHUh0h7DyzvPuA%3d%3d&clickUrl=http%3a%2f%2fproduct.suning.com%2f0070073500%2f12426737024.html&click_id=H2YaVN20BrumBOfI1000000000MPdFdyfOLBP4Cg8
OPPO K12x 8GB+256GB 钛空灰 80W超级闪充 5500mAh超大电池 四年久用流畅 5G直屏智能手机120Hz护眼直屏 | 80W超级闪充 | 5500mAh超大电池,¥1199.00, 8GB |256GB |6.67英寸,200+评价,苏宁自营,以旧换新,http://imgservice5.suning.cn/uimg1/b2c/image/nQgC4i98hrH5IDfHRZX12g.jpg_400w_400h_4e,http://product.suning.com/0000000000/12432424450.html
守护宝(中兴)K288 移动联通电信三网4G老人机 双卡双待超长待机老人手机 功能机备用老年机 黑色三网4G老年手机，9档音量超大喇叭，全语音功能，来电姓名播报，9个快捷号码，1700mAh,¥252.00, 2GB以下 |4GB以下 |2.4英寸,1400+评价,苏宁自营,以旧换新,http://imgservice2.suning.cn/uimg1/b2c/image/kW7OHx_INx5-mf8LUxTpeg.jpg_400w_400h_4e,http://product.suning.com/0000000000/12008551816.html
华为 畅享70S 8GB+256GB 曜金黑 鸿蒙智能手机6.75英寸AOD护眼大屏 畅享X键 6000毫安电5000万高清 鸿蒙智能手机,¥1229.00, 8GB |256GB |6.75英寸,20+评价,苏宁自营,以旧换新,http://imgservice2.suning.cn/uimg1/b2c/image/KILKErV0Pl53PH2KCgwyLw.jpg_400w_400h_4e,http://product.suning.com/0000000000/12433061658.html
小米Redmi Note12 6GB+128GB 子夜黑 骁龙4 Gen1 5G 120Hz高刷屏 4800W像素 33W快充手机,¥799.00,,90+评价,讯天国际手机专营店,"以旧换新, ,晚发赔, ,领券299-2, ,赠, ",http://imgservice.suning.cn/uimg1/b2c/image/YM89TasSlaa7RVcV3Ib51Q.jpg_200w_200h_4e_374w_374h_4e_400w_400h_4e,https://th.suning.com/calCpcClicks?adtype=1&tid=107656176510000000620241016&cmdCode=12396287320&companyCode=70073500&s=&k=kom%2b%2bhgMfvaHQgdXNQDt2dsjMYdGSiDjR2UHOnEWoTKqYqrKm6Z%2fPvliOKSBHVFlS7ax4DiV7r6vQyKnFnkoPJnelguYpX6l1XLU6gpPyRZGfuBFnN4SXEfH%2brMK2FLKla3SyBZiUtORf7vVRfYaJgS0GqnBus9aSZqf%2fae%2fAJah5%2bLcuBZq0zdijz%2fUs6sbXmAJShs%2fmFS7KRtdiV5cmy%2fN7%2f3stP8QXthWA9%2fikAthhknrMqYqH%2bbnzXLCH8npcH9iHvbw8%2bDz10GzyJqBnvu2KbdFabXy%2btNcGllSK3u90NsO0hytMXDsLsL%2fsrAbhALpE5YCEZzRbn5htMxPGrD5QpKKOgDU5o5i0wF7nfvTQKhTdHIPL%2b9PCXbjfp4YQS7Tip5uXqUJYrUl4KpZXPTmcrEurGkpS3rMliafadIkdZ1ufuC47pTbsjrp37rQgow8w2rYtyrOK58UMHiGNXCIo3ePrqqdgM4TK1F%2fotCcvNmuzj2teqA%2f0YyvY%2bzxtTDs2i00VkWvFidlSIJkk57yQjP8zl7McgT6JeXddQ1j3ruurgcOM3Ev%2fysPeBKThZ9ZtjGyKtiWeJttyo8XVQ%3d%3d&clickUrl=http%3a%2f%2fproduct.suning.com%2f0070073500%2f12396287320.html&click_id=H2YaVN20BrumBX3L100000000046eANIuJxdUeCg8
[全国联保]华为畅享60X 8GB+256GB 黑 骁龙680八核芯 7000mAh大电池 22.5W超级快充 全网通4G 6.95英寸影音大屏 手机老人机学生机 畅享607000mAh长续航，6.95英寸影音大屏，澎湃音质,¥1262.00, 256GB |6.95英寸,100+评价,讯天国际手机专营店,"以旧换新, ,晚发赔, ,领券299-2, ,赠",http://imgservice2.suning.cn/uimg1/b2c/image/qSng_ShmTU9wlaTYeogkdQ.jpg_400w_400h_4e,http://product.suning.com/0070073500/12409183512.html
荣耀X50 12GB+512GB勃朗蓝 第一代骁龙6芯片 1.5K超清护眼硬核曲屏 5800mAh超耐久大电池 5G手机一代骁龙6芯片 1.5K超清护眼硬核曲屏 5800mAh超耐久大电池 5G手机,¥1769.00, 12GB |512GB |6.78英寸,100+评价,苏选自营,"苏宁服务, ,以旧换新",http://imgservice5.suning.cn/uimg1/b2c/image/No9N9luGzGdffOdxkhKpTw.jpg_400w_400h_4e,http://product.suning.com/0010328208/12432255356.html
"[4G全网通]中兴守护宝K230 蓝色 老人手机电信经典迷你中小学生儿童大字老人机超长待机老年直板按键备用手机环保材质外壳,支持定位查询，远程添加号码,S0S，高清VoLTE通话",¥202.00, 2GB以下 |4GB以下 |2.4英寸,1.6万+评价,苏宁自营,以旧换新,http://imgservice1.suning.cn/uimg1/b2c/image/6pwd_0NcZP6URrFQE5AVag.png_400w_400h_4e,http://product.suning.com/0000000000/12124511786.html
[原封]小米Redmi K70E 晴雪 12GB+256GB 天玑8300-Ultra 5G芯 小米澎湃OS 90W有线快充 二代1.5K直屏 5G智能手机 K70,¥1715.00,,60+评价,讯天国际手机专营店,"以旧换新, ,晚发赔, ,领券1699-6, ,赠",http://imgservice.suning.cn/uimg1/b2c/image/JZQrMxXibQWnE7sByJtc1g.jpg_200w_200h_4e_374w_374h_4e_400w_400h_4e,https://th.suning.com/calCpcClicks?adtype=1&tid=107692498810000000620241016&cmdCode=12424488169&companyCode=70073500&s=&k=kom%2b%2bhgMfvaHQgdXNQDt2dsjMYdGSiDjR2UHOnEWoTL5EjcIcmwTzvB8BUl%2fo8tO9WotJCKuVzq941bWvmfD18JWmDg9xdYs9kvRDC12JOnPWfGc3p9ScS9OQTvo5FuV4eXGQnwaeJxZgvGwAFje7SQIPPpXBS9qvo5XnORS6DHtfACTdV7M%2bsW4F%2bbGVONHDkXL%2bZ7iNxTfeLe5%2fsVy7rv0ceI8cuauEu8%2bdMJgjDjf1lIDB%2fi8Ef8nGL913sGNSPulsA0I7ZLMjizPVRpY4ohtkjpTNllXh%2fDr0OScvVh3B%2fXd8aV%2frD27RIcXA6jwNO%2fQywHMZUezHDieQLTv9VQTR1zOq25kW9Oj%2bstZlfZBdjLLI0nXCE7Dle%2fNZsiEkv1qG50aEv2YBNBG6XX2Z%2bXAgSZ%2bXxlXKcrEDSZavsRfO5%2f4%2fPbulGg%2bE92B0wiMIdtzf5Vjn7s%2bdF8qWpSNZgb9TROo1%2blh3mwXT%2fDjYPDQe6zKhZlENIZSW9BfbF9RQk9V%2fFKBTpvDyqNzXK3UfeYlHmtkVR%2bVk4wXqh6Yc23en4EAUXSm8%2fQjDSA81t0%2bsMTfvzzbV3ENcN1oknHftg%3d%3d&clickUrl=http%3a%2f%2fproduct.suning.com%2f0070073500%2f12424488169.html&click_id=H2YaVN20BrumB0Vy1000000000cztqdTifcZVuNg8
[新品购机赠耳机]荣耀200 Pro 16GB+512GB绒黑色 5000万雅顾光影主摄 荣耀绿洲护眼屏 第三代骁龙8s 5200mAh青海湖电池 5G智能手机旗舰新款 5000万三主摄写真相机 雅顾专业光影人像模式 荣耀绿洲护眼屏 5200mAh青,¥3379.00, 16GB |512GB |6.78英寸,10+评价,苏选自营,"苏宁服务, ,大聚惠, ,以旧换新",http://imgservice3.suning.cn/uimg1/b2c/image/x7lWo37jGGADfCh0qGJMvA.jpg_400w_400h_4e,http://product.suning.com/0010328208/12432934488.html
vivo X Fold3 薄翼黑 12GB+256GB 全网通5G新品超轻折叠品手机第二代骁龙8旗舰芯片蔡司影像系统等效5500mAh80W快充拍照游戏学生智能手机第二代骁龙8旗舰芯片；等效5500mAh蓝海电池；219g超轻薄折叠,¥6499.00, 12GB |256GB |8.03英寸,2300+评价,苏宁自营,"大聚惠, ,以旧换新, ,6期免息, ,领券5000-400",http://imgservice5.suning.cn/uimg1/b2c/image/BAxjKOSV6_cJoQw9_-Gx-w.png_400w_400h_4e,http://product.suning.com/0000000000/12430123414.html
vivo Y200t 晴山 12GB+512GB 骁龙6 5G芯 6000mAh电池 44W充电 5000万高清影像 5G 手机 Y200在售商品均为全新未激活 请放心购买！,¥1429.00, 12GB |512GB |6.72英寸,50+评价,讯天国际手机专营店,"以旧换新, ,晚发赔, ,领券299-2, ,赠",http://imgservice5.suning.cn/uimg1/b2c/image/QN0uSSm1p4cOm64ydLJJgA.jpg_400w_400h_4e,http://product.suning.com/0070073500/12432951208.html
小米Redmi K70 至尊版 墨羽黑 12GB +256GB 天玑9300+性能芯 IP68防尘防水 新一代1.5K屏 5G手机,¥2379.00,,60+评价,讯天国际手机专营店,"新品, ,以旧换新, ,晚发赔, ,领券1699-6, ,赠",http://imgservice.suning.cn/uimg1/b2c/image/hNvHYOECtIXMPrea8fKWnw.jpg_200w_200h_4e_374w_374h_4e_400w_400h_4e,https://th.suning.com/calCpcClicks?adtype=1&tid=107692501010000000620241016&cmdCode=12434410035&companyCode=70073500&s=&k=kom%2b%2bhgMfvaHQgdXNQDt2dsjMYdGSiDjR2UHOnEWoTK9tE7k35Zp2vZIQN3PfzIUQ1oKXY1Y2pZx%2bcbJTPH1tCwUBjmC%2frRbDBibFa9%2bq3QMUKOKKO44N%2fLaX6CwQcd0EU5wPVVsdRqgWLOsnVPms0ryVlbstjgxROsWOpNiJiaLhMWAXijAodP26Zb%2fVF4RD2kpR7QqppEPTrQlMFaFQdUdMatK22lZjrf7ampE%2bVtBhiL9iLx9PJvY3izqOONc25tRYPMjpUjYOCHPu4zye1q5nRr9v1XzFy3EYVS%2fcD14sbxF2%2beAGodCb37UqBeww%2bX3RvPMZEWE5sUtvABGUAas6njDtlyahzBsby2r%2bOrSVawBwTpsbrhJOpzzqafe6KU7ET5bPHBsow1STd6WiMQ44c5Qq6sUPmshTe4E8BByqtn0E7ueEmdr9BqM4jw46UpVhBJjFyAcF5y4F8kw7%2fgDAVZBqGZoxGuVC0rB8U6IGveqSAXr3u3b36%2fL2q75x8ZI5On6d1SXnMHbmO%2bD8Ev5nYgzHOT2juq4jsEIBwe0STfugAVxDshP9Jz%2bKx1HA0W%2fta%2bHD74qYLwf4pbiNCBaD%2fkgLDdYZTF8qPTUd4A%3d&clickUrl=http%3a%2f%2fproduct.suning.com%2f0070073500%2f12434410035.html&click_id=H2YaVN20BrumBYa910000000006diAICAh8CYuNg8
vivo S19 16GB+512GB 松烟墨 全网通5G新品手机第三代骁龙7旗舰芯片前后双柔光环拍摄6000mAh80W快充拍照游戏学生智能手机第三代骁龙7旗舰芯片；6000mAh超薄长续航电池；前后双5000万摄像镜头,¥3149.00, 16GB |512GB |6.78英寸,7500+评价,苏宁自营,"大聚惠, ,以旧换新, ,6期免息, ,领券2880-150",http://imgservice5.suning.cn/uimg1/b2c/image/tAB1PG7-bj2-M1XDuHY5Cg.png_400w_400h_4e,http://product.suning.com/0000000000/12432767106.html
[全新]vivo Y100i 皓夜黑 12GB+256GB 天玑6020 5G芯 5000mAh电池 44W充电 5000万高清影像 44W闪充 5G 手机 Y100在售商品均为全新未激活 请放心购买！,¥1255.00, 12GB |256GB |6.44英寸,100+评价,讯天国际手机专营店,"以旧换新, ,晚发赔, ,领券299-2, ,赠",http://imgservice5.suning.cn/uimg1/b2c/image/BotmAmIvmwoTV8nglGS0og.jpg_400w_400h_4e,http://product.suning.com/0070073500/12428078837.html
小米(mi)MIX Flip 小折叠屏 4.01英寸多功能超大外屏 第三代骁龙8 12GB+256GB 黑色 5G AI拍照手机 小米汽车互联【新品首发】以旧换新享额外补贴，购机享12期分期0利息,¥5999.00, 12GB |256GB |6.86英寸,40+评价,苏宁自营,"新品, ,以旧换新, ,12期免息",http://imgservice2.suning.cn/uimg1/b2c/image/oOozpUuEDmzbzJF0Rnz8JQ.png_400w_400h_4e,http://product.suning.com/0000000000/12434191403.html
[全国联保]小米Redmi 10A 4GB+64GB 烟波蓝 5000mAh大电池 全网4G手机 小米红米10a G25 八核处理器 手机,¥512.00,,30+评价,讯天国际手机专营店,"以旧换新, ,晚发赔, ,领券299-2, ,赠",http://imgservice.suning.cn/uimg1/b2c/image/4SOenj-ji0g89WYHGM89Uw.jpg_200w_200h_4e_374w_374h_4e_400w_400h_4e,https://th.suning.com/calCpcClicks?adtype=1&tid=107666497310000000620241016&cmdCode=12428738021&companyCode=70073500&s=&k=kom%2b%2bhgMfvaHQgdXNQDt2dsjMYdGSiDjR2UHOnEWoTJVWXts8vCQnKmtHbPS9kwv6whzCh3P%2be%2bWi13%2f19RHKijhgsB%2bhc4ihFwNcxgFWKuJKhDc%2bD%2fxZSeWoUSTiP8ISR%2fOzMh0do7QNkNnM2ZjMg3PUMVjrAuCTePKmmysWz9sbetAk64SoWd%2fZ8%2bb5lRiLNPBQjB9mClndYKbqW8Jm%2fm%2b7B1Hi1n7ea9bYCGFxSrDWLG%2fk3ztoJPWAjIHhhxwMvFEBpQZKrExp7EYyWq8hfHiURDjrMyNIFfgnO3zqMXvmWPszfIvivo65B0RfDNK8u%2bwEBh%2fMHvwqCsyyjk9ebC5IVAKKIXOeqAmK%2bbnzV9thmZsP4xwQ3DDfyDP3FhRFp%2btvSJUgQcFmp%2fMDrBddXVMANvaHDuwql8BLaW6c8h51l3yrj9mBonW5QhvwuTvb%2fJRgyRzJq%2b%2fKAa0uvEUJKdd7st8g8q6UI4eaC%2ffb4MLbEGRbDoNe9%2fGyo5HRXQ9eQdMMsS8AXjIM2bflUHI3RLg6qIJB6h2Twj6fAhbRRDWgkm4zUnKVpB329lwz%2bpHT27%2f1Di3oWMHcRgkzMUHGXsGDIFvicPKiwDfNQO%2bDmGxdiP0VjWR8r5xKlA%2fkmM%2b&clickUrl=http%3a%2f%2fproduct.suning.com%2f0070073500%2f12428738021.html&click_id=H2YaVN20BrumBid11000000000awCt54eoCZpqFg8
华为/HUAWEI 畅享 60X 128GB 曜金黑 7000mAh超长续航 6.95英寸影音大屏 闪耀星环 移动联通电信全网通手机老人机学生机(含线充套装)经典中轴设计，尽显对称美学；纤薄机身，轻薄灵巧；一键直达，一键畅享；22.5W反向快充,¥1329.00, 128GB |6.95英寸,1300+评价,苏宁自营,"大聚惠, ,以旧换新, ,领券880-50",http://imgservice2.suning.cn/uimg1/b2c/image/nrsFWWHshXr5UFF_7NgJ-g.jpg_400w_400h_4e,http://product.suning.com/0000000000/12409183509.html
[新品购机赠耳机]荣耀200 Pro 16GB+1TB绒黑色 5000万雅顾光影主摄 荣耀绿洲护眼屏 第三代骁龙8s 5200mAh青海湖电池 5G智能手机旗舰新款 5000万三主摄写真相机 雅顾专业光影人像模式 荣耀绿洲护眼屏 5200mAh青,¥3869.00, 16GB |1TB |6.78英寸,10+评价,苏选自营,"苏宁服务, ,大聚惠, ,以旧换新",http://imgservice3.suning.cn/uimg1/b2c/image/vjh4WIpMlQv0SUh9udTBog.jpg_400w_400h_4e,http://product.suning.com/0010328208/12432934487.html
荣耀畅玩50 6GB+128GB幻夜黑 5200mAh大电量大字体大音量LCD护眼屏幕大屏幕 5G全网通手机 5G智能手机新品5G手机 5200mAh大电量大字体大音量LCD护眼屏幕,¥719.00, 6GB |128GB |6.56英寸,20+评价,苏选自营,"苏宁服务, ,以旧换新",http://imgservice5.suning.cn/uimg1/b2c/image/nuc8xtH0RwUbZYz0mmxURw.png_400w_400h_4e,http://product.suning.com/0010328208/12431307090.html
华为 Pura 70 羽砂黑 12GB+512GB 新一代影像系统 66W超级快充 昆仑玻璃 120Hz刷新率 华为P70智能手机,¥5199.00,,10+评价,讯天国际手机专营店,"以旧换新, ,晚发赔, ,领券3799-10, ,赠",http://imgservice.suning.cn/uimg1/b2c/image/NE3_5mg9f2tA9rCHAD6Y9A.jpg_200w_200h_4e_374w_374h_4e_400w_400h_4e,https://th.suning.com/calCpcClicks?adtype=1&tid=107692502410000000620241016&cmdCode=12431535385&companyCode=70073500&s=&k=kom%2b%2bhgMfvaHQgdXNQDt2dsjMYdGSiDjR2UHOnEWoTIAc5hXiYwW4aHcX3VMMuQED4VN7Sv8Lz18p4KQ2qElU7dTXMZfopwj%2fvO8rCSi5TyEntfT1HoXfct0SEbWgqpYzSGDQ8zaOnkR2bOr3q4FNAUApamLCYHNGWlhe3DWfFhrH8YkRic2MrrZWfD%2bSKWCzmjj7DbMrp8uhNanzgrF3XvEzMVmEkNrSde7%2bhPMemRTjF%2f%2bf1UQfycliLvT18hMqnv0YR142%2fRRXNRVuTj4UfpUXYH%2fdSPBKJbR%2ft9SLg18fQbqGcWbd9E4M56HC9hBYgk0ixXqyCcF3XX5ZKwg4Yd9vhcw0cKgZ04ngau1Cg103s6EdYbflE0J8S1N%2f6w5jISNCSNxeBKY01o%2bPmpje5RO9r9b9quJ5klvGBD%2bt9eNwTr477SYW01X1kvWoJwhUhK3WjwK2zNu1PGEsuEwT%2b6xaIozF9ISYGkdXceaTjiTXCqMjdtGf1DVFvkpIWBuf3JmUVKOG9OH42yMog3g9Xa5R8uAx5JUk9zJg2texTKLyXYUvnGbKDLj%2fVQYROsjB%2f%2fHQb2l7EItuEP%2f%2bF6DVw%3d%3d&clickUrl=http%3a%2f%2fproduct.suning.com%2f0070073500%2f12431535385.html&click_id=H2YaVN20BrumBxC21000000000gfm0AI5iYrZuNg8
OPPO A1i 幻影紫 8GB+256GB 5000mAh大电池 超大运存 超大储存空间 5G 长续航 抗摔 手机金刚石抗摔结构 | 5000mAh超大电池 | 300％超大音量,¥999.00, 8GB |256GB |6.56英寸,200+评价,苏宁自营,以旧换新,http://imgservice4.suning.cn/uimg1/b2c/image/EjjUgiTOcCUTRMTltKE_Cw.jpg_400w_400h_4e,http://product.suning.com/0000000000/12431298589.html
守护宝(上海中兴)K288 移动联通电信三网4G老人机 双卡双待超长待机老人手机 功能机备用老年机 红色三网4G老年手机，9档音量超大喇叭，全语音功能，来电姓名播报，9个快捷号码，1700mAh,¥252.00, 4GB以下 |2.4英寸,1400+评价,苏宁自营,以旧换新,http://imgservice4.suning.cn/uimg1/b2c/image/YDbryuHJf7uPGdYBH78opg.jpg_400w_400h_4e,http://product.suning.com/0000000000/12008551876.html
OPPO K12 星夜 12GB+256GB 100W超级闪充 5500mAh超长续航十面耐摔AI手机oppo官方旗舰店第三代骁龙7旗舰芯 | 超抗摔金刚石架构 | 5500mAh超耐久大电池,¥1699.00, 12GB |256GB |6.7英寸,100+评价,苏宁自营,以旧换新,http://imgservice1.suning.cn/uimg1/b2c/image/93HuyHj4JDlRIYC3ZszSaA.jpg_400w_400h_4e,http://product.suning.com/0000000000/12431545020.html
华为 Pura 70 Pro 羽砂黑 12GB+256GB 新一代影像系统 100W超级快充 昆仑玻璃 120Hz刷新率 智能手机,¥5399.00,,10+评价,讯天国际手机专营店,"以旧换新, ,晚发赔, ,领券3799-10, ,赠",http://imgservice.suning.cn/uimg1/b2c/image/hiFF1XuClXSywoeW62Rycg.jpg_200w_200h_4e_374w_374h_4e_400w_400h_4e,https://th.suning.com/calCpcClicks?adtype=1&tid=107692504610000000620241016&cmdCode=12431346715&companyCode=70073500&s=&k=kom%2b%2bhgMfvaHQgdXNQDt2dsjMYdGSiDjR2UHOnEWoTJ%2b5HH886Ac4LEWvjp3b%2bVTWcvunokfEUZP%2f4gX%2blDPlrEaG6tlKFLB6IXbGbreqMFO3e4bhqtrCtTk1ZaJJV8OqkCeST1wUARzWg6Mm73B%2bxaUkEQgsSXbtd00eab2hBUxg7YUZduVzIQwG2GyYHVTnqIJmyRdY%2btUrr%2b6rKzceGiFspnAkQZ7BLUBr%2f4m7yumG%2boUJhZBWmgA0t0P9QjQvlrhgaZegjS0hz1tvai1TlDH1xC437Yvs18H0ipGvBbIVV%2fzwmjgreLWjvWiHsRP5HXklPF36MrlgTh8wth44BMG3JA1hHZsUKSPYBhEzMiGrMuRNCYUQD1zFnlXlWVhrDIdwiwrE5QUAWesw%2bKZp3HwOfh%2fXFHwG0dDCAToEwmJfVko2RSLNHruohoehXrrKRLnhWk7N1wrR46rSyTfq6l7WrohGkd3zztu0p7En%2fbl6aoKPO4XAEWCCE0fD51eZB9hjdLeLNj7IOGljRml57ZrJ7qn4sX3pS82r1flT24VflAtEguywrKrmv5P2GKc%2fqqxd2k1UDUGCIIFY2dVBw%3d%3d&clickUrl=http%3a%2f%2fproduct.suning.com%2f0070073500%2f12431346715.html&click_id=H2YaVN20BrumB5PK1000000000AJbKo0Xj4UcuNg8
华为/HUAWEI nova 11 SE前后双高清摄像手机 一亿像素光影人像 256GB 雪域白 华为鸿蒙智能手机前后双高清摄像手机 一亿像素光影人像,¥1529.00, 256GB |6.67英寸,500+评价,苏宁自营,以旧换新,http://imgservice5.suning.cn/uimg1/b2c/image/avfXCfsmtEc60LE1-itqow.jpg_400w_400h_4e,http://product.suning.com/0000000000/12424669196.html
小米Redmi Note12 8GB+256GB 镜瓷白 骁龙4 Gen1 5G 120Hz高刷屏 4800W像素 33W快充手机骁龙处理器 | 高清影像| 小金刚品质 OLED高刷屏,¥859.00, 8GB |256GB |6.67英寸,90+评价,讯天国际手机专营店,"以旧换新, ,晚发赔, ,领券299-2, ,赠",http://imgservice4.suning.cn/uimg1/b2c/image/wCOtTUsiNhaeA3f7c-2xlw.jpg_400w_400h_4e,http://product.suning.com/0070073500/12427338566.html
OPPO A1s 暮山紫 12GB+512GB 超大内存 超大运存 5000mAh四年耐用大电池5G 长续航 抗摔 手机金刚石抗摔结构 | 5000mAh超大电池 | 300％超大音量,¥1399.00, 12GB |256GB |6.72英寸,100+评价,苏宁自营,以旧换新,http://imgservice5.suning.cn/uimg1/b2c/image/_jDGXMgbQ_MaWKCznboROQ.jpg_400w_400h_4e,http://product.suning.com/0000000000/12431298596.html
华为 Pura 70 Ultra 星芒黑 16GB+512GB 超聚光伸缩摄像头影像系统 100W超级快充 昆仑玻璃 120Hz刷新率 智能手机,¥8139.00,,10+评价,讯天国际手机专营店,"以旧换新, ,晚发赔, ,领券7899-16, ,赠",http://imgservice.suning.cn/uimg1/b2c/image/Z5rr5lEnfIj0idBGFOyCNw.jpg_200w_200h_4e_374w_374h_4e_400w_400h_4e,https://th.suning.com/calCpcClicks?adtype=1&tid=107692506410000000620241016&cmdCode=12431344999&companyCode=70073500&s=&k=kom%2b%2bhgMfvaHQgdXNQDt2dsjMYdGSiDjR2UHOnEWoTJkVO6PpC%2bUXzS3%2bSmyOmHFlFpJyBuPOB2AdDquXsIsleO1JE4kHI6f%2bUceB35jJIgAMseecSsFbwzRJxcX3NRCQZVdkFmApxz7RbxjsJsTeZQ1otyj20vc%2bfYch5rIsES15b096DJn0poNPLu%2bTJe64%2bd%2bAP35EsYm9%2brwDg%2bDkudhoOsktjUIBu73et1sCNm0DcDOH25Et3nr8cFzRZSsN6ThaDahKHHhi11LAd68x9q9oAHkTkd9mtsb%2fK%2bGpzB%2bPHucimglB0xclZO1Ou9li15Gizx4W%2fnMha2vUkP%2fK7pwrrrP7k7KKzfmi2i7nRPn7bZ4crw91SWi7h3cHY8i8phNKHoqgvScYr9AkNzqeH1FJnTRXOlACGmcqfct%2buXqkkDIVzGorXdRcWWQeV%2fexRH%2fnU8XYS%2bJ6xt3JFK6ohA8Enmdiutj%2f0HpDi96PBz0xfIIWpNEp00OWcRLsfAU7TwsuVQQwKR9AI40dsnuaiXEItaDyHet5Kb3dCsJGv8SERRJMkFtTwnhH054wvRNVzKWQ63rR1bYRKi8%2b70%2bslF1ZLPfiLICujE%2fNu%2f%2fLSk%3d&clickUrl=http%3a%2f%2fproduct.suning.com%2f0070073500%2f12431344999.html&click_id=H2YaVN20BrumBdYL1000000000CeXP4Qik2deuNg8
[原封]华为Mate60 Pro 12GB+512GB 雅丹黑 88W快充 全焦段超清影像 鸿蒙OS 120Hz昆仑玻璃屏 支持卫星通话 全网通手机限购一个 相似同市地址不发， 不支持保价 价格随时变动 涨跌不补请理解！,¥5699.00, 12GB |512GB |6.82英寸,100+评价,讯天国际手机专营店,"以旧换新, ,晚发赔, ,领券3799-10, ,赠",http://imgservice5.suning.cn/uimg1/b2c/image/yjJbkLm6M1BTwMbnLNMhxQ.jpg_400w_400h_4e,http://product.suning.com/0070073500/12418658664.html
小米(mi)MIX Fold 4 16GB+512GB 白色 小米龙骨转轴2.0 徕卡光学全焦段四摄 5G全网通 AI折叠手机 小米汽车互联超轻薄四曲面机身|小米龙骨转轴2.0|全碳纤维支撑架构|徕卡光学全明星四摄|第三代骁龙8,¥9999.00, 16GB |512GB |7.98英寸,0评价,聚三友手机数码专营店,以旧换新,http://imgservice1.suning.cn/uimg1/b2c/image/CosDFwSms0eXlE0HE9pJ2A.png_400w_400h_4e,http://product.suning.com/0071593536/12435374162.html
华为畅享70 Pro 曜金黑 128GB 1亿像素超清影像 全网4G 5000mAh大电池 6.7英寸护眼大屏 40W超极快充 鸿蒙智能 全网通4g手机老人机学生机在售商品均为全新未激活 请放心购买！,¥1239.00, 8GB |128GB |6.7英寸,100+评价,讯天国际手机专营店,"以旧换新, ,晚发赔, ,领券299-2, ,赠",http://imgservice4.suning.cn/uimg1/b2c/image/QNgs1QxfNrrxnL8aCCR1ew.jpg_400w_400h_4e,http://product.suning.com/0070073500/12426973840.html
华为nova12 Pro 樱语白 256GB 双向北斗卫星消息 100W快充 120Hz刷新率 前置6000万超广角拍照 华为手机,¥3279.00,,100+评价,讯天国际手机专营店,"以旧换新, ,晚发赔, ,领券1699-6, ,赠",http://imgservice.suning.cn/uimg1/b2c/image/nL1sYC1_wd0dZ_6tymsUPg.jpg_200w_200h_4e_374w_374h_4e_400w_400h_4e,https://th.suning.com/calCpcClicks?adtype=1&tid=107692514110000000620241016&cmdCode=12426085828&companyCode=70073500&s=&k=kom%2b%2bhgMfvaHQgdXNQDt2dsjMYdGSiDjR2UHOnEWoTKG%2bmpASWPrTL3cTWb4%2bb1MjkVwbaTYdafZ%2fW5nz6zywmngGOCDFgvesRustJDpCSlKPzBGvZ7PMKm8YzPojqaf2mf82EVTUMWQgLEV4wZdkh8FbzytcjzsLtfM7TnQ7t41%2byaINSNHTH2DlTi%2f8XIcgy0ij5hiN6bpp%2fx%2blLlH0nqrabGEd7CUDlHscR7c90Q2lLKOC1w8fWzT%2fTo97kgwMSEznEf5fe4RZCG%2fBIf496BMpz5Fv0eoNlyFfB7%2bobllFzjJoxqeWL38HIbxNFGh0LRDFAaJkRn%2f%2b%2baxZAo7axSmVWYsOoDDXSbSjj0LlGl8Xomz93pg4%2fH9R0WROYdlTY9iu9xlHVG7cHsqv7aVOiXuJdfajYmCaK1Rlg9NoMxk1jZTlWusyGxvvWpzL96X3lUJa48CCwsuYOxliAmPw29TmpKmnaoVzGwgW59sxsd3I%2fVP8iEgnRMQtBHRnbQV%2fD75SXxxI%2bKeRutvC%2bwqP4EcDirmzXGTyNawT0qbD0d14dAvNejJYqOQqCLCZIrYDnzzbRtySx0UO4gIiF0DyQ%3d%3d&clickUrl=http%3a%2f%2fproduct.suning.com%2f0070073500%2f12426085828.html&click_id=H2YaVO20BrumBHv51000000000OstWLRmpqnnuNg8
vivo S19 12GB+512GB 桃花扇 全网通5G新品手机第三代骁龙7旗舰芯片前后双柔光环拍摄6000mAh80W快充拍照游戏学生智能手机第三代骁龙7芯片；6000mAh超薄长续航；百万跑分旗舰芯片,¥2849.00, 12GB |512GB |6.78英寸,7500+评价,苏宁自营,"大聚惠, ,以旧换新, ,6期免息, ,领券1880-100",http://imgservice5.suning.cn/uimg1/b2c/image/cUrYB6E74M5RUyzIwJltiA.png_400w_400h_4e,http://product.suning.com/0000000000/12432767105.html
[原封]华为Mate60 Pro 12GB+512GB 雅川青 88W快充 全焦段超清影像 鸿蒙OS 120Hz昆仑玻璃屏 支持卫星通话 全网通手机限购一个 相似同市地址不发， 不支持保价 价格随时变动 涨跌不补请理解！,¥5779.00, 12GB |512GB |6.82英寸,100+评价,讯天国际手机专营店,"以旧换新, ,晚发赔, ,领券3799-10, ,赠",http://imgservice4.suning.cn/uimg1/b2c/image/xKt1k1nkFM6D1SMrwdixpQ.jpg_400w_400h_4e,http://product.suning.com/0070073500/12418659998.html
荣耀90 GT 16GB+256GB 星曜黑 第二代骁龙8旗舰芯 超凡帧画引擎 荣耀绿洲护眼屏 5000mAh轻薄长续航 OIS 5G直屏 5G智能手机第二代骁龙8旗舰芯 超凡帧画引擎 荣耀绿洲护眼屏 5000mAh轻薄长续航,¥2409.00, 16GB |256GB |6.7英寸,60+评价,苏选自营,"苏宁服务, ,大聚惠, ,以旧换新",http://imgservice3.suning.cn/uimg1/b2c/image/efjWrvLXUZqIY-8x0GbAuw.png_400w_400h_4e,http://product.suning.com/0010328208/12425848866.html
[原封]小米Redmi K70E 墨羽 12GB+256GB 天玑8300-Ultra 5G芯 小米澎湃OS 90W有线快充 二代1.5K直屏 5G智能手机 K70,¥1715.00,,60+评价,讯天国际手机专营店,"以旧换新, ,晚发赔, ,领券1699-6, ,赠",http://imgservice.suning.cn/uimg1/b2c/image/cqzOKdYcVVcStcHIh1FATw.jpg_200w_200h_4e_374w_374h_4e_400w_400h_4e,https://th.suning.com/calCpcClicks?adtype=1&tid=107665881510000000620241016&cmdCode=12424231409&companyCode=70073500&s=&k=kom%2b%2bhgMfvaHQgdXNQDt2dsjMYdGSiDjR2UHOnEWoTKFxaZK9uOUOQBOanwTF7bl98GZ1gP2zJomGb92rT7EubwemSbsxIwUiWgoUuX9VFJrlnQ%2fyV%2bP1k9M19C1zSHeeGW7hlRjfedSvAdio8AuPAN1JUojp%2f5N2pmsJ3ffZwBf%2bTVfPnmI7w6TQrax47h9aVvgwDBeHoTdsPR8qgYgNHUYRUZ%2f3VV%2bpZD2oy2N91nrwnAvkhfOBDaJP6tUm7gTFbX8wIOO9oEh%2f%2fjhoZuZ5buTLyKkdWO0%2fGRJl1gcClw3gi5Uy6gC8N%2biUoZoq340sq8zMwU7BouOfdYO%2fNqKJO5zhnodWfx0c%2bRIh%2bJN4VGeXwdqJXI9KEZWJrOeniw8bL2YI5%2bvP%2b89cKQEhJsZm24VJkSom7aa7SxAvPdlNvKDh9REFjQMBpax17ukAO8YlDLyfDOa%2bH2mx8nzbKouhkr%2fE4TgZKzQxAoR4IQP6kJXTYtgOXs%2bp%2bAzAeAN2gEB7VGgAcXyhlh%2ftaVHpFrdQtYzdwgSk82MAXqH2KUl35YaOSVGto4Z8rfta15MRc3RDBdZnte9Do8lhq5wyMS5o9NWrzYWU70utAfaelPDnrE97jL2ei8JVCzmB3qXlGpF&clickUrl=http%3a%2f%2fproduct.suning.com%2f0070073500%2f12424231409.html&click_id=H2YaVO20BrumBrQ91000000000KmxVhZaHMrzeFg8
小米 Redmi Note 14 Pro+ 子夜黑 12GB+512GB手机红米note手机小米手机小米自营旗舰店新品小米note14pro+IP68 防尘防水 旗舰三摄五焦段相机 6200mAh小米金沙江电池,¥2099.00, 12GB |512GB |6.67英寸,20+评价,苏宁自营,"超级新品, ,以旧换新, ,6期免息, ,返券",http://imgservice1.suning.cn/uimg1/b2c/image/WmUVJ2TK6dTc3jQgKT283w.png_400w_400h_4e,http://product.suning.com/0000000000/12436264398.html
荣耀畅玩50 6GB+128GB 幻夜黑 超大内存 高能大电池 高清高亮屏幕 防跌耐摔 影音通话大音量 5G手机超大内存 高能大电池 高清高亮屏幕,¥779.00, 6GB |128GB |6.56英寸,100+评价,苏宁自营,以旧换新,http://imgservice4.suning.cn/uimg1/b2c/image/cApwXlNp0UJ3WzFlQQhTRg.png_400w_400h_4e,http://product.suning.com/0000000000/12431570086.html
[全国联保]OPPO A96 8GB+128GB 琉璃幻彩 骁龙695芯片 全网5G 双卡 拍照美颜手机高通骁龙695处理器，双子星环呼吸灯，OLED超清护眼屏,¥925.00, 8GB |128GB |6.43英寸,70+评价,讯天国际手机专营店,"以旧换新, ,晚发赔, ,领券299-2, ,赠, ",http://imgservice2.suning.cn/uimg1/b2c/image/vlLO2TZ58vwukT6KnSXQiQ.jpg_400w_400h_4e,http://product.suning.com/0070073500/12358170178.html
[翻盖接听 亲情号码] 康佳 (KONKA)UK9 移动双屏 翻盖老人手机 大字 大声音 大按键 待机时间长 男女老年机学生备用功能机,¥109.00,,200+评价,欣海云商专营店,"以旧换新, ,晚发赔, ,领券50-3",http://imgservice.suning.cn/uimg1/b2c/image/gfpznh6dC7maTwsX9dbjXA.jpg_200w_200h_4e_374w_374h_4e_400w_400h_4e,https://th.suning.com/calCpcClicks?adtype=1&tid=107684557910000000620241016&cmdCode=12231301710&companyCode=70083734&s=&k=kom%2b%2bhgMfvaHQgdXNQDt2dsjMYdGSiDjR2UHOnEWoTK5g2pDyyc6dWZEy7sDhQ8Pu9qQTcfNNt%2fuhF7m3En%2bl79LTFok9YF4kwiaQVRMEbSSjIuh1h6LeFP%2fnHPgfo7WSteH%2fuW1A9A1ZBEWcMOisolDLguGaeNqnUaXcHRxozIKXV3Nf5TRb3e23e4ZIoyh0hhasEA8Shz9TQ7l4Vw9dDmWqmV2vITi8iy6%2fzMDelA98u2%2fCqdsKnwNlogf2r7wr0WYO3fPWi6puRT3qxYoliP2xuKhyzT9VynihspS%2bc4KJlqkajIyYRdz1nCZndbzsW9g9wcjTbLzzqAF3fdxU4iT5nD79iKHpsm9HiBdqBs0bmpIwKU0Ov6pPyOGE%2bJ14ny81T5ygjWH3y9Crwqm%2fJl0P31w26R%2bNCYsUuR6KddR01ynP1ZFKUFv8H2eyH5qHXt%2bxu7XsmadmZiu%2fiO7lAden5GOMoJxdTdqnR1XLKMUFu2kAoWU0VrRxoFm5YNfh3EZiXZxmh2tbIAgkw41jxRf5YvBCGPkohVzG8OXQU27dhRugkEN1%2fYXnCxVR0apkE%2bIgau2rvw%2fG%2bYa9jF7%2bUUhJsTi7jZrKvVz8%2bv6mUM9FJnYu1EQAU7ip%2bxWWz%2bg&clickUrl=http%3a%2f%2fproduct.suning.com%2f0070083734%2f12231301710.html&click_id=H2YaVO20BrumBVE71000000000aKRAKXPQIEuRLg8
[原封]小米Redmi 9A 全网通 4GB+64GB 砂石黑 5000mAh大电池 全网4G手机 小米红米9a手机5000mAh 1300万AI相机 八核处理器 人脸解锁,¥459.00, 4GB |64GB |6.53英寸,200+评价,讯天国际手机专营店,"以旧换新, ,晚发赔, ,领券299-2, ,赠, ",http://imgservice2.suning.cn/uimg1/b2c/image/U8tI9AoYHwD5c5tLIfcWAA.jpg_400w_400h_4e,http://product.suning.com/0070073500/12105944322.html
[原封]华为Mate60 12GB+256GB 雅丹黑 66W快充 全焦段超清影像 鸿蒙OS 120Hz昆仑玻璃屏 支持卫星消息 全网通手机限购一个 相似同市地址不发， 不支持保价 价格随时变动 涨跌不补请理解！,¥4659.00, 12GB |256GB |6.69英寸,100+评价,讯天国际手机专营店,"以旧换新, ,晚发赔, ,领券3799-10, ,赠",http://imgservice2.suning.cn/uimg1/b2c/image/4DdM0-yCv-EKC3fWzpq_yQ.jpg_400w_400h_4e,http://product.suning.com/0070073500/12419477031.html
OPPO K12x 8GB+128GB 钛空灰 80W超级闪充 5500mAh超大电池 四年久用流畅 5G直屏智能手机120Hz护眼直屏 | 80W超级闪充 | 5500mAh超大电池,¥1099.00, 8GB |128GB |6.67英寸,200+评价,苏宁自营,以旧换新,http://imgservice3.suning.cn/uimg1/b2c/image/c1gfatfDjw6CSsX7yUW4hw.jpg_400w_400h_4e,http://product.suning.com/0000000000/12434477254.html
[全新]Hi nova12 SE 曜金黑 8GB+256GB 5G手机 骁龙695 5G芯片 66W超级快充 一亿影像 智能手机 hinova12se,¥1665.00,,1评价,讯天国际手机专营店,"以旧换新, ,晚发赔, ,领券299-2, ,赠",http://imgservice.suning.cn/uimg1/b2c/image/mMdDoHqRnP5bZHzgVPYS1Q.jpg_200w_200h_4e_374w_374h_4e_400w_400h_4e,https://th.suning.com/calCpcClicks?adtype=1&tid=107692514910000000620241016&cmdCode=12432973727&companyCode=70073500&s=&k=kom%2b%2bhgMfvaHQgdXNQDt2dsjMYdGSiDjR2UHOnEWoTI14WsqnUxCRUFjBny8GwwcqDixV3UPR7KrQbF4zeUMmkF%2bXZi3Y%2bYil%2bhJkSGUajtQiBP8McxonbDbQ%2fh52i9lYrw4vidEmxLX3g7h3oc%2bzDH6VcfJ%2fohBmsH6h1bp3GlkSlIafplJUPtnxuAIFy5oXBmefO15Yn%2bawankluSVbF%2bCcNI8bl0YP5Dn%2fmcv7HqLDiNbPMyZByJQILIB%2be6MGtNL7yPUtGu0dQgCRF3wIx%2fp1fxVJRyEikHqWhZKCIVj76dYsp1Mlub%2fBkF4bJzdvREFEXo4ocv7wzHhnqVRsYU8%2bQuuAWFgbJ3L3UdInwegigICbDzfV73iYDslDQ5ARK91H3CDjnRpkooa8EMsHnGuxwlsmzODXHDEuLCqbxWw3cwgawn4DSbvRZ1ACBt7yTdckJNo3Oi2MTxqu71KuLQNlri9T2pIzoMkOooXUw%2fPmo25dPP40ljn5vcfnotHLjpMg%2bpiTX0TGD%2bimVawPLMBTOjmWsWmBJRcDs9hbt%2bbvudKTd%2b9G%2fuh1RdFtTuDSgXljyvFnQFiIWm%2bmccKEgd%2boln%2bCkihq90YrbOPGNQ%3d&clickUrl=http%3a%2f%2fproduct.suning.com%2f0070073500%2f12432973727.html&click_id=H2YaVO20BrumB3K71000000000ITe084JqwkouNg8
OPPO K12x 8GB+256GB 凝光绿 80W超级闪充 5500mAh超大电池 四年久用流畅 5G直屏智能手机120Hz护眼直屏 | 80W超级闪充 | 5500mAh超大电池,¥1199.00, 8GB |256GB |6.67英寸,200+评价,苏宁自营,以旧换新,http://imgservice5.suning.cn/uimg1/b2c/image/hk3zyDWUyJVceCyWu70NbQ.jpg_400w_400h_4e,http://product.suning.com/0000000000/12432423544.html
[全新]小米Redmi Turbo3 冰钛 16GB+512GB 第三代骁龙8s 小米澎湃OS 红米 Turbo 3 5G手机在售商品均为全新未激活 请放心购买！,¥2249.00, 16GB |512GB |6.67英寸,10+评价,讯天国际手机专营店,"以旧换新, ,晚发赔, ,领券1699-6, ,赠",http://imgservice1.suning.cn/uimg1/b2c/image/ha90GGGgHc7aCly3PuPiyA.jpg_400w_400h_4e,http://product.suning.com/0070073500/12430958419.html
[新品购机赠耳机]荣耀200 Pro 16GB+512GB月影白 5000万雅顾光影主摄 荣耀绿洲护眼屏 第三代骁龙8s 5200mAh青海湖电池 5G智能手机旗舰新款 5000万三主摄写真相机 雅顾专业光影人像模式 荣耀绿洲护眼屏 5200mAh青,¥3379.00, 16GB |512GB |6.78英寸,10+评价,苏选自营,"苏宁服务, ,大聚惠, ,以旧换新",http://imgservice4.suning.cn/uimg1/b2c/image/e24TlK18GnwAhx4wtGORwQ.jpg_400w_400h_4e,http://product.suning.com/0010328208/12432934449.html
